OrganizationIdentifier,OrganizationFormalName,ActivityIdentifier,ActivityTypeCode,ActivityMediaName,ActivityMediaSubdivisionName,ActivityStartDate,ActivityStartTime/Time,ActivityStartTime/TimeZoneCode,ActivityEndDate,ActivityEndTime/Time,ActivityEndTime/TimeZoneCode,ActivityDepthHeightMeasure/MeasureValue,ActivityDepthHeightMeasure/MeasureUnitCode,ActivityDepthAltitudeReferencePointText,ActivityTopDepthHeightMeasure/MeasureValue,ActivityTopDepthHeightMeasure/MeasureUnitCode,ActivityBottomDepthHeightMeasure/MeasureValue,ActivityBottomDepthHeightMeasure/MeasureUnitCode,ProjectIdentifier,ActivityConductingOrganizationText,MonitoringLocationIdentifier,ActivityCommentText,SampleAquifer,HydrologicCondition,HydrologicEvent,SampleCollectionMethod/MethodIdentifier,SampleCollectionMethod/MethodIdentifierContext,SampleCollectionMethod/MethodName,SampleCollectionEquipmentName,ResultDetectionConditionText,CharacteristicName,ResultSampleFractionText,ResultMeasureValue,ResultMeasure/MeasureUnitCode,MeasureQualifierCode,ResultStatusIdentifier,StatisticalBaseCode,ResultValueTypeName,ResultWeightBasisText,ResultTimeBasisText,ResultTemperatureBasisText,ResultParticleSizeBasisText,PrecisionValue,ResultCommentText,USGSPCode,ResultDepthHeightMeasure/MeasureValue,ResultDepthHeightMeasure/MeasureUnitCode,ResultDepthAltitudeReferencePointText,SubjectTaxonomicName,SampleTissueAnatomyName,ResultAnalyticalMethod/MethodIdentifier,ResultAnalyticalMethod/MethodIdentifierContext,ResultAnalyticalMethod/MethodName,MethodDescriptionText,LaboratoryName,AnalysisStartDate,ResultLaboratoryCommentText,DetectionQuantitationLimitTypeName,DetectionQuantitationLimitMeasure/MeasureValue,DetectionQuantitationLimitMeasure/MeasureUnitCode,PreparationStartDate,ProviderName
USGS-LA,USGS Louisiana Water Science Center,nwisla.01.01100531,Sample-Routine,Water,Groundwater,2011-07-06,13:15:00,CDT,,,,,,,,,,,,,USGS-323638091183801,,,Not applicable,Routine sample,USGS,USGS,USGS,Unknown,,Chloride,Dissolved,28.1,mg/l,,Accepted,,Actual,,,,,,,00940,,,,,,IC022,USGS,"Anions, wf, IC","Standard Methods (22d ed), 2012, p 4-5 - 4-7","USGS-National Water Quality Lab, Denver, CO",2011-10-21,,Long Term Method Detection Level,0.06,mg/l,,NWIS
USGS-LA,USGS Louisiana Water Science Center,nwisla.01.01100533,Sample-Routine,Water,Groundwater,2011-07-06,14:40:00,CDT,,,,,,,,,,,,,USGS-324023091123001,,,Not applicable,Routine sample,USGS,USGS,USGS,Unknown,,Chloride,Dissolved,3.88,mg/l,,Accepted,,Actual,,,,,,,00940,,,,,,IC022,USGS,"Anions, wf, IC","Standard Methods (22d ed), 2012, p 4-5 - 4-7","USGS-National Water Quality Lab, Denver, CO",2011-10-21,,Long Term Method Detection Level,0.06,mg/l,,NWIS
USGS-LA,USGS Louisiana Water Science Center,nwisla.01.01100698,Sample-Routine,Water,Groundwater,2011-07-19,10:50:00,CDT,,,,,,,,,,,,,USGS-324346091185801,,,Not applicable,Routine sample,USGS,USGS,USGS,Unknown,,Chloride,Dissolved,10.7,mg/l,,Accepted,,Actual,,,,,,,00940,,,,,,IC022,USGS,"Anions, wf, IC","Standard Methods (22d ed), 2012, p 4-5 - 4-7","USGS-National Water Quality Lab, Denver, CO",2011-10-22,,Long Term Method Detection Level,0.06,mg/l,,NWIS
USGS-LA,USGS Louisiana Water Science Center,nwisla.01.01100532,Sample-Routine,Water,Groundwater,2011-07-06,15:40:00,CDT,,,,,,,,,,,,,USGS-324910091134801,,,Not applicable,Routine sample,USGS,USGS,USGS,Unknown,,Chloride,Dissolved,4.01,mg/l,,Accepted,,Actual,,,,,,,00940,,,,,,IC022,USGS,"Anions, wf, IC","Standard Methods (22d ed), 2012, p 4-5 - 4-7","USGS-National Water Quality Lab, Denver, CO",2011-10-21,,Long Term Method Detection Level,0.06,mg/l,,NWIS
USGS-LA,USGS Louisiana Water Science Center,nwisla.01.01100703,Sample-Routine,Water,Groundwater,2011-07-06,16:40:00,CDT,,,,,,,,,,,,,USGS-325254091110501,,,Not applicable,Routine sample,USGS,USGS,USGS,Unknown,,Chloride,Dissolved,6.06,mg/l,,Accepted,,Actual,,,,,,,00940,,,,,,IC022,USGS,"Anions, wf, IC","Standard Methods (22d ed), 2012, p 4-5 - 4-7","USGS-National Water Quality Lab, Denver, CO",2011-10-21,,Long Term Method Detection Level,0.06,mg/l,,NWIS
USGS-LA,USGS Louisiana Water Science Center,nwisla.01.01100629,Sample-Routine,Water,Groundwater,2011-07-07,19:00:00,CDT,,,,,,,,,,,,,USGS-325403091161301,,,Not applicable,Routine sample,USGS,USGS,USGS,Unknown,,Chloride,Dissolved,6.68,mg/l,,Accepted,,Actual,,,,,,,00940,,,,,,IC022,USGS,"Anions, wf, IC","Standard Methods (22d ed), 2012, p 4-5 - 4-7","USGS-National Water Quality Lab, Denver, CO",2011-10-22,,Long Term Method Detection Level,0.06,mg/l,,NWIS
USGS-LA,USGS Louisiana Water Science Center,nwisla.01.01100534,Sample-Routine,Water,Groundwater,2011-07-06,18:15:00,CDT,,,,,,,,,,,,,USGS-325836091134901,,,Not applicable,Routine sample,USGS,USGS,USGS,Unknown,,Chloride,Dissolved,8.30,mg/l,,Accepted,,Actual,,,,,,,00940,,,,,,IC022,USGS,"Anions, wf, IC","Standard Methods (22d ed), 2012, p 4-5 - 4-7","USGS-National Water Quality Lab, Denver, CO",2011-10-22,,Long Term Method Detection Level,0.06,mg/l,,NWIS
21MSWQ_WQX,MISSISSIPPI DEPARTMENT OF ENVIRONMENTAL QUALITY,21MSWQ_WQX-45869-625,Sample-Routine,Water,,2011-07-14,10:33:00,CDT,,,,,,,1.5,ft,25,ft,AMBLAKE11,MISSISSIPPI DEPARTMENT OF ENVIRONMENTAL QUALITY,21MSWQ_WQX-UM008,,,,,Grab-Sampler,MDEQ,Grab-Using Sampler,Water Sampler (Other),,Chloride,Total,15.7,mg/l,,Accepted,,Actual,,,,,,,,1.5,ft,,,,325.1,USEPA,Chloride by Colorimetric Analysis I,https://www.nemi.gov/methods/method_summary/5771/,,,,,,,,STORET
21MSWQ_WQX,MISSISSIPPI DEPARTMENT OF ENVIRONMENTAL QUALITY,21MSWQ_WQX-45869-625,Sample-Routine,Water,,2011-07-14,10:33:00,CDT,,,,,,,1.5,ft,25,ft,AMBLAKE11,MISSISSIPPI DEPARTMENT OF ENVIRONMENTAL QUALITY,21MSWQ_WQX-UM008,,,,,Grab-Sampler,MDEQ,Grab-Using Sampler,Water Sampler (Other),,Chloride,Total,16,mg/l,,Accepted,,Actual,,,,,,,,25,ft,,,,325.1,USEPA,Chloride by Colorimetric Analysis I,https://www.nemi.gov/methods/method_summary/5771/,,,,,,,,STORET
21MSWQ_WQX,MISSISSIPPI DEPARTMENT OF ENVIRONMENTAL QUALITY,21MSWQ_WQX-45814-625,Sample-Routine,Water,,2011-08-29,09:47:00,CDT,,,,4.9,ft,,,,,,AMBLAKE11,MISSISSIPPI DEPARTMENT OF ENVIRONMENTAL QUALITY,21MSWQ_WQX-UM008,,,,,Grab-Sampler,MDEQ,Grab-Using Sampler,Water Sampler (Other),,Chloride,Total,18.3,mg/l,,Accepted,,Actual,,,,,,,,4.9,ft,,,,325.1,USEPA,Chloride by Colorimetric Analysis I,https://www.nemi.gov/methods/method_summary/5771/,,,,,,,,STORET
21MSWQ_WQX,MISSISSIPPI DEPARTMENT OF ENVIRONMENTAL QUALITY,21MSWQ_WQX-45780-625,Sample-Routine,Water,,2011-09-28,09:55:00,CDT,,,,3.5,ft,,,,,,AMBLAKE11,MISSISSIPPI DEPARTMENT OF ENVIRONMENTAL QUALITY,21MSWQ_WQX-UM008,,,,,Grab-Sampler,MDEQ,Grab-Using Sampler,Water Sampler (Other),,Chloride,Total,15.5,mg/l,,Accepted,,Actual,,,,,,,,3.5,ft,,,,325.1,USEPA,Chloride by Colorimetric Analysis I,https://www.nemi.gov/methods/method_summary/5771/,,,,,,,,STORET
21MSWQ_WQX,MISSISSIPPI DEPARTMENT OF ENVIRONMENTAL QUALITY,21MSWQ_WQX-45833-625,Sample-Routine,Water,,2011-10-06,09:40:00,CDT,,,,4,ft,,,,,,AMBLAKE11,MISSISSIPPI DEPARTMENT OF ENVIRONMENTAL QUALITY,21MSWQ_WQX-UM008,,,,,Grab-Sampler,MDEQ,Grab-Using Sampler,Water Sampler (Other),,Chloride,Total,16.5,mg/l,,Accepted,,Actual,,,,,,,,4,ft,,,,325.1,USEPA,Chloride by Colorimetric Analysis I,https://www.nemi.gov/methods/method_summary/5771/,,,,,,,,STORET
21MSWQ_WQX,MISSISSIPPI DEPARTMENT OF ENVIRONMENTAL QUALITY,21MSWQ_WQX-45824-625,Sample-Routine,Water,,2011-11-03,10:45:00,CDT,,,,3,ft,,,,,,AMBLAKE11,MISSISSIPPI DEPARTMENT OF ENVIRONMENTAL QUALITY,21MSWQ_WQX-UM008,,,,,Grab-Sampler,MDEQ,Grab-Using Sampler,Water Sampler (Other),,Chloride,Total,15,mg/l,,Accepted,,Actual,,,,,,,,3,ft,,,,325.1,USEPA,Chloride by Colorimetric Analysis I,https://www.nemi.gov/methods/method_summary/5771/,,,,,,,,STORET
21MSWQ_WQX,MISSISSIPPI DEPARTMENT OF ENVIRONMENTAL QUALITY,21MSWQ_WQX-70305-625,Sample-Routine,Water,,2015-05-07,12:45:00,CDT,,,,,,,1.5,ft,29,ft,AMBLAKE15,MISSISSIPPI DEPARTMENT OF ENVIRONMENTAL QUALITY,21MSWQ_WQX-UM008,,,,,Grab-DTSC,MDEQ,Grab-Direct to Sample Container,Water Bottle,,Chloride,Total,20,mg/l,,Accepted,,Actual,,,,,,,,1.5,ft,,,,325.1,USEPA,Chloride by Colorimetric Analysis I,https://www.nemi.gov/methods/method_summary/5771/,,,,,,,,STORET
21MSWQ_WQX,MISSISSIPPI DEPARTMENT OF ENVIRONMENTAL QUALITY,21MSWQ_WQX-70305-625,Sample-Routine,Water,,2015-05-07,12:45:00,CDT,,,,,,,1.5,ft,29,ft,AMBLAKE15,MISSISSIPPI DEPARTMENT OF ENVIRONMENTAL QUALITY,21MSWQ_WQX-UM008,,,,,Grab-DTSC,MDEQ,Grab-Direct to Sample Container,Water Bottle,,Chloride,Total,19.5,mg/l,,Accepted,,Actual,,,,,,,,29,ft,,,,325.1,USEPA,Chloride by Colorimetric Analysis I,https://www.nemi.gov/methods/method_summary/5771/,,,,,,,,STORET
21MSWQ_WQX,MISSISSIPPI DEPARTMENT OF ENVIRONMENTAL QUALITY,21MSWQ_WQX-70387-625,Sample-Routine,Water,,2015-06-04,12:30:00,CDT,,,,,,,1.5,ft,27,ft,AMBLAKE15,MISSISSIPPI DEPARTMENT OF ENVIRONMENTAL QUALITY,21MSWQ_WQX-UM008,,,,,Grab-DTSC,MDEQ,Grab-Direct to Sample Container,Water Bottle,Present Below Quantification Limit,Lead,Total,,,,Accepted,,Actual,,,,,,,,1.5,ft,,,,200.8,USEPA,Metals in Waters by ICP/MS,https://www.nemi.gov/methods/method_summary/4665/,,,,Lower Quantitation Limit,0.5,ug/l,,STORET
21MSWQ_WQX,MISSISSIPPI DEPARTMENT OF ENVIRONMENTAL QUALITY,21MSWQ_WQX-70387-625,Sample-Routine,Water,,2015-06-04,12:30:00,CDT,,,,,,,1.5,ft,27,ft,AMBLAKE15,MISSISSIPPI DEPARTMENT OF ENVIRONMENTAL QUALITY,21MSWQ_WQX-UM008,,,,,Grab-DTSC,MDEQ,Grab-Direct to Sample Container,Water Bottle,,Chloride,Total,26.6,mg/l,,Accepted,,Actual,,,,,,,,1.5,ft,,,,325.1,USEPA,Chloride by Colorimetric Analysis I,https://www.nemi.gov/methods/method_summary/5771/,,,,,,,,STORET
21MSWQ_WQX,MISSISSIPPI DEPARTMENT OF ENVIRONMENTAL QUALITY,21MSWQ_WQX-70387-625,Sample-Routine,Water,,2015-06-04,12:30:00,CDT,,,,,,,1.5,ft,27,ft,AMBLAKE15,MISSISSIPPI DEPARTMENT OF ENVIRONMENTAL QUALITY,21MSWQ_WQX-UM008,,,,,Grab-DTSC,MDEQ,Grab-Direct to Sample Container,Water Bottle,Present Below Quantification Limit,Lead,Total,,,,Accepted,,Actual,,,,,,,,27,ft,,,,200.8,USEPA,Metals in Waters by ICP/MS,https://www.nemi.gov/methods/method_summary/4665/,,,,Lower Quantitation Limit,0.5,ug/l,,STORET
21MSWQ_WQX,MISSISSIPPI DEPARTMENT OF ENVIRONMENTAL QUALITY,21MSWQ_WQX-70387-625,Sample-Routine,Water,,2015-06-04,12:30:00,CDT,,,,,,,1.5,ft,27,ft,AMBLAKE15,MISSISSIPPI DEPARTMENT OF ENVIRONMENTAL QUALITY,21MSWQ_WQX-UM008,,,,,Grab-DTSC,MDEQ,Grab-Direct to Sample Container,Water Bottle,,Chloride,Total,26.4,mg/l,,Accepted,,Actual,,,,,,,,27,ft,,,,325.1,USEPA,Chloride by Colorimetric Analysis I,https://www.nemi.gov/methods/method_summary/5771/,,,,,,,,STORET
21MSWQ_WQX,MISSISSIPPI DEPARTMENT OF ENVIRONMENTAL QUALITY,21MSWQ_WQX-70482-625,Sample-Routine,Water,,2015-08-28,09:40:00,CDT,,,,,,,1.5,ft,8,ft,AMBLAKE15,MISSISSIPPI DEPARTMENT OF ENVIRONMENTAL QUALITY,21MSWQ_WQX-UM008,,,,,Grab-DTSC,MDEQ,Grab-Direct to Sample Container,Water Bottle,,Chloride,Total,17.3,mg/l,,Accepted,,Actual,,,,,,,,1.5,ft,,,,325.1,USEPA,Chloride by Colorimetric Analysis I,https://www.nemi.gov/methods/method_summary/5771/,,,,,,,,STORET
21MSWQ_WQX,MISSISSIPPI DEPARTMENT OF ENVIRONMENTAL QUALITY,21MSWQ_WQX-70482-625,Sample-Routine,Water,,2015-08-28,09:40:00,CDT,,,,,,,1.5,ft,8,ft,AMBLAKE15,MISSISSIPPI DEPARTMENT OF ENVIRONMENTAL QUALITY,21MSWQ_WQX-UM008,,,,,Grab-DTSC,MDEQ,Grab-Direct to Sample Container,Water Bottle,,Chloride,Total,17.3,mg/l,,Accepted,,Actual,,,,,,,,8,ft,,,,325.1,USEPA,Chloride by Colorimetric Analysis I,https://www.nemi.gov/methods/method_summary/5771/,,,,,,,,STORET
21MSWQ_WQX,MISSISSIPPI DEPARTMENT OF ENVIRONMENTAL QUALITY,21MSWQ_WQX-70141-625,Sample-Routine,Water,,2015-09-08,12:15:00,CDT,,,,4,ft,,,,,,AMBLAKE15,MISSISSIPPI DEPARTMENT OF ENVIRONMENTAL QUALITY,21MSWQ_WQX-UM008,,,,,Grab-DTSC,MDEQ,Grab-Direct to Sample Container,Water Bottle,,Chloride,Total,18.9,mg/l,,Accepted,,Actual,,,,,,,,4,ft,,,,325.1,USEPA,Chloride by Colorimetric Analysis I,https://www.nemi.gov/methods/method_summary/5771/,,,,,,,,STORET
21MSWQ_WQX,MISSISSIPPI DEPARTMENT OF ENVIRONMENTAL QUALITY,21MSWQ_WQX-70141-625,Sample-Routine,Water,,2015-09-08,12:15:00,CDT,,,,4,ft,,,,,,AMBLAKE15,MISSISSIPPI DEPARTMENT OF ENVIRONMENTAL QUALITY,21MSWQ_WQX-UM008,,,,,Grab-DTSC,MDEQ,Grab-Direct to Sample Container,Water Bottle,Present Below Quantification Limit,Lead,Total,,,,Accepted,,Actual,,,,,,,,4,ft,,,,200.8,USEPA,Metals in Waters by ICP/MS,https://www.nemi.gov/methods/method_summary/4665/,,,,Lower Quantitation Limit,0.5,ug/l,,STORET
21MSWQ_WQX,MISSISSIPPI DEPARTMENT OF ENVIRONMENTAL QUALITY,21MSWQ_WQX-70306-625,Sample-Routine,Water,,2015-10-20,08:45:00,CDT,,,,3,ft,,,,,,AMBLAKE15,MISSISSIPPI DEPARTMENT OF ENVIRONMENTAL QUALITY,21MSWQ_WQX-UM008,,,,,Grab-DTSC,MDEQ,Grab-Direct to Sample Container,Water Bottle,,Lead,Total,0.53,ug/l,,Accepted,,Actual,,,,,,,,3,ft,,,,200.8,USEPA,Metals in Waters by ICP/MS,https://www.nemi.gov/methods/method_summary/4665/,,,,,,,,STORET
21MSWQ_WQX,MISSISSIPPI DEPARTMENT OF ENVIRONMENTAL QUALITY,21MSWQ_WQX-70306-625,Sample-Routine,Water,,2015-10-20,08:45:00,CDT,,,,3,ft,,,,,,AMBLAKE15,MISSISSIPPI DEPARTMENT OF ENVIRONMENTAL QUALITY,21MSWQ_WQX-UM008,,,,,Grab-DTSC,MDEQ,Grab-Direct to Sample Container,Water Bottle,,Chloride,Total,14.8,mg/l,,Accepted,,Actual,,,,,,,,3,ft,,,,325.1,USEPA,Chloride by Colorimetric Analysis I,https://www.nemi.gov/methods/method_summary/5771/,,,,,,,,STORET
21MSWQ_WQX,MISSISSIPPI DEPARTMENT OF ENVIRONMENTAL QUALITY,21MSWQ_WQX-80473-625,Sample-Routine,Water,,2016-05-10,12:10:00,CDT,,,,,,,1.5,ft,24,ft,AMBLAKE16,MISSISSIPPI DEPARTMENT OF ENVIRONMENTAL QUALITY,21MSWQ_WQX-UM008,,,,,Grab-DTSC,MDEQ,Grab-Direct to Sample Container,Water Bottle,,Chloride,Total,24.1,mg/l,,Accepted,,Actual,,,,,,,,1.5,ft,,,,325.1,USEPA,Chloride by Colorimetric Analysis I,https://www.nemi.gov/methods/method_summary/5771/,,,,,,,,STORET
21MSWQ_WQX,MISSISSIPPI DEPARTMENT OF ENVIRONMENTAL QUALITY,21MSWQ_WQX-80473-625,Sample-Routine,Water,,2016-05-10,12:10:00,CDT,,,,,,,1.5,ft,24,ft,AMBLAKE16,MISSISSIPPI DEPARTMENT OF ENVIRONMENTAL QUALITY,21MSWQ_WQX-UM008,,,,,Grab-DTSC,MDEQ,Grab-Direct to Sample Container,Water Bottle,,Chloride,Total,23,mg/l,,Accepted,,Actual,,,,,,,,24,ft,,,,325.1,USEPA,Chloride by Colorimetric Analysis I,https://www.nemi.gov/methods/method_summary/5771/,,,,,,,,STORET
21MSWQ_WQX,MISSISSIPPI DEPARTMENT OF ENVIRONMENTAL QUALITY,21MSWQ_WQX-80492-625,Sample-Routine,Water,,2016-06-07,11:50:00,CDT,,,,,,,1.5,ft,22,ft,AMBLAKE16,MISSISSIPPI DEPARTMENT OF ENVIRONMENTAL QUALITY,21MSWQ_WQX-UM008,,,,,Grab-DTSC,MDEQ,Grab-Direct to Sample Container,Water Bottle,,Chloride,Total,21.8,mg/l,,Accepted,,Actual,,,,,,,,1.5,ft,,,,325.1,USEPA,Chloride by Colorimetric Analysis I,https://www.nemi.gov/methods/method_summary/5771/,,,,,,,,STORET
21MSWQ_WQX,MISSISSIPPI DEPARTMENT OF ENVIRONMENTAL QUALITY,21MSWQ_WQX-80492-625,Sample-Routine,Water,,2016-06-07,11:50:00,CDT,,,,,,,1.5,ft,22,ft,AMBLAKE16,MISSISSIPPI DEPARTMENT OF ENVIRONMENTAL QUALITY,21MSWQ_WQX-UM008,,,,,Grab-DTSC,MDEQ,Grab-Direct to Sample Container,Water Bottle,,Chloride,Total,22.3,mg/l,,Accepted,,Actual,,,,,,,,22,ft,,,,325.1,USEPA,Chloride by Colorimetric Analysis I,https://www.nemi.gov/methods/method_summary/5771/,,,,,,,,STORET
21MSWQ_WQX,MISSISSIPPI DEPARTMENT OF ENVIRONMENTAL QUALITY,21MSWQ_WQX-108473-625,Sample-Routine,Water,,2016-07-14,09:10:00,CDT,,,,,,,1.5,ft,16,ft,AMBLAKE16,MISSISSIPPI DEPARTMENT OF ENVIRONMENTAL QUALITY,21MSWQ_WQX-UM008,,,,,Grab-DTSC,MDEQ,Grab-Direct to Sample Container,Water Bottle,,Chloride,Total,24.2,mg/l,,Accepted,,Actual,,,,,,,,16,ft,,,,325.1,USEPA,Chloride by Colorimetric Analysis I,https://www.nemi.gov/methods/method_summary/5771/,,,,,,,,STORET
21MSWQ_WQX,MISSISSIPPI DEPARTMENT OF ENVIRONMENTAL QUALITY,21MSWQ_WQX-108473-625,Sample-Routine,Water,,2016-07-14,09:10:00,CDT,,,,,,,1.5,ft,16,ft,AMBLAKE16,MISSISSIPPI DEPARTMENT OF ENVIRONMENTAL QUALITY,21MSWQ_WQX-UM008,,,,,Grab-DTSC,MDEQ,Grab-Direct to Sample Container,Water Bottle,,Chloride,Total,24.2,mg/l,,Accepted,,Actual,,,,,,,,1.5,ft,,,,325.1,USEPA,Chloride by Colorimetric Analysis I,https://www.nemi.gov/methods/method_summary/5771/,,,,,,,,STORET
21MSWQ_WQX,MISSISSIPPI DEPARTMENT OF ENVIRONMENTAL QUALITY,21MSWQ_WQX-108580-625,Sample-Routine,Water,,2016-08-03,11:30:00,CDT,,,,,,,1.5,ft,9,ft,AMBLAKE16,MISSISSIPPI DEPARTMENT OF ENVIRONMENTAL QUALITY,21MSWQ_WQX-UM008,,,,,Grab-DTSC,MDEQ,Grab-Direct to Sample Container,Water Bottle,,Chloride,Total,20.9,mg/l,,Accepted,,Actual,,,,,,,,9,ft,,,,325.1,USEPA,Chloride by Colorimetric Analysis I,https://www.nemi.gov/methods/method_summary/5771/,,,,,,,,STORET
21MSWQ_WQX,MISSISSIPPI DEPARTMENT OF ENVIRONMENTAL QUALITY,21MSWQ_WQX-108580-625,Sample-Routine,Water,,2016-08-03,11:30:00,CDT,,,,,,,1.5,ft,9,ft,AMBLAKE16,MISSISSIPPI DEPARTMENT OF ENVIRONMENTAL QUALITY,21MSWQ_WQX-UM008,,,,,Grab-DTSC,MDEQ,Grab-Direct to Sample Container,Water Bottle,,Chloride,Total,21.8,mg/l,,Accepted,,Actual,,,,,,,,1.5,ft,,,,325.1,USEPA,Chloride by Colorimetric Analysis I,https://www.nemi.gov/methods/method_summary/5771/,,,,,,,,STORET
21MSWQ_WQX,MISSISSIPPI DEPARTMENT OF ENVIRONMENTAL QUALITY,21MSWQ_WQX-108622-625,Sample-Routine,Water,,2016-09-13,11:30:00,CDT,,,,,,,1.5,ft,8,ft,AMBLAKE16,MISSISSIPPI DEPARTMENT OF ENVIRONMENTAL QUALITY,21MSWQ_WQX-UM008,,,,,Grab-DTSC,MDEQ,Grab-Direct to Sample Container,Water Bottle,,Chloride,Total,18.9,mg/l,,Accepted,,Actual,,,,,,,,8,ft,,,,325.1,USEPA,Chloride by Colorimetric Analysis I,https://www.nemi.gov/methods/method_summary/5771/,,,,,,,,STORET
21MSWQ_WQX,MISSISSIPPI DEPARTMENT OF ENVIRONMENTAL QUALITY,21MSWQ_WQX-108622-625,Sample-Routine,Water,,2016-09-13,11:30:00,CDT,,,,,,,1.5,ft,8,ft,AMBLAKE16,MISSISSIPPI DEPARTMENT OF ENVIRONMENTAL QUALITY,21MSWQ_WQX-UM008,,,,,Grab-DTSC,MDEQ,Grab-Direct to Sample Container,Water Bottle,,Chloride,Total,19,mg/l,,Accepted,,Actual,,,,,,,,1.5,ft,,,,325.1,USEPA,Chloride by Colorimetric Analysis I,https://www.nemi.gov/methods/method_summary/5771/,,,,,,,,STORET
21MSWQ_WQX,MISSISSIPPI DEPARTMENT OF ENVIRONMENTAL QUALITY,21MSWQ_WQX-115500-625,Sample-Routine,Water,,2016-10-11,08:50:00,CDT,,,,,,,1.5,ft,9,ft,AMBLAKE16,MISSISSIPPI DEPARTMENT OF ENVIRONMENTAL QUALITY,21MSWQ_WQX-UM008,,,,,Grab-DTSC,MDEQ,Grab-Direct to Sample Container,Water Bottle,,Chloride,Total,19.7,mg/l,,Accepted,,Actual,,,,,,,,9,ft,,,,325.1,USEPA,Chloride by Colorimetric Analysis I,https://www.nemi.gov/methods/method_summary/5771/,,,,,,,,STORET
21MSWQ_WQX,MISSISSIPPI DEPARTMENT OF ENVIRONMENTAL QUALITY,21MSWQ_WQX-115500-625,Sample-Routine,Water,,2016-10-11,08:50:00,CDT,,,,,,,1.5,ft,9,ft,AMBLAKE16,MISSISSIPPI DEPARTMENT OF ENVIRONMENTAL QUALITY,21MSWQ_WQX-UM008,,,,,Grab-DTSC,MDEQ,Grab-Direct to Sample Container,Water Bottle,,Chloride,Total,19.7,mg/l,,Accepted,,Actual,,,,,,,,1.5,ft,,,,325.1,USEPA,Chloride by Colorimetric Analysis I,https://www.nemi.gov/methods/method_summary/5771/,,,,,,,,STORET
21MSWQ_WQX,MISSISSIPPI DEPARTMENT OF ENVIRONMENTAL QUALITY,21MSWQ_WQX-115665-625,Sample-Routine,Water,,2016-11-10,11:20:00,CDT,,,,4.5,ft,,,,,,AMBLAKE16,MISSISSIPPI DEPARTMENT OF ENVIRONMENTAL QUALITY,21MSWQ_WQX-UM008,,,,,Grab-DTSC,MDEQ,Grab-Direct to Sample Container,Water Bottle,,Chloride,Total,17.3,mg/l,,Accepted,,Actual,,,,,,,,4.5,ft,,,,325.1,USEPA,Chloride by Colorimetric Analysis I,https://www.nemi.gov/methods/method_summary/5771/,,,,,,,,STORET
21MSWQ_WQX,MISSISSIPPI DEPARTMENT OF ENVIRONMENTAL QUALITY,21MSWQ_WQX-123877-625,Sample-Routine,Water,,2017-05-09,13:47:00,CDT,,,,,,,1.5,ft,33,ft,AMBLAKE17,MISSISSIPPI DEPARTMENT OF ENVIRONMENTAL QUALITY,21MSWQ_WQX-UM008,,,,,Grab-DTSC,MDEQ,Grab-Direct to Sample Container,Water Bottle,,Chloride,Total,28,mg/l,,Accepted,,Actual,,,,,,,,1.5,ft,,,,325.1,USEPA,Chloride by Colorimetric Analysis I,https://www.nemi.gov/methods/method_summary/5771/,,,,,,,,STORET
21MSWQ_WQX,MISSISSIPPI DEPARTMENT OF ENVIRONMENTAL QUALITY,21MSWQ_WQX-123877-625,Sample-Routine,Water,,2017-05-09,13:47:00,CDT,,,,,,,1.5,ft,33,ft,AMBLAKE17,MISSISSIPPI DEPARTMENT OF ENVIRONMENTAL QUALITY,21MSWQ_WQX-UM008,,,,,Grab-DTSC,MDEQ,Grab-Direct to Sample Container,Water Bottle,,Chloride,Total,21.8,mg/l,,Accepted,,Actual,,,,,,,,33,ft,,,,325.1,USEPA,Chloride by Colorimetric Analysis I,https://www.nemi.gov/methods/method_summary/5771/,,,,,,,,STORET
21MSWQ_WQX,MISSISSIPPI DEPARTMENT OF ENVIRONMENTAL QUALITY,21MSWQ_WQX-128451-625,Sample-Routine,Water,,2017-07-06,13:00:00,CDT,,,,,,,1.5,ft,19,ft,AMBLAKE17,MISSISSIPPI DEPARTMENT OF ENVIRONMENTAL QUALITY,21MSWQ_WQX-UM008,,,,,Grab-DTSC,MDEQ,Grab-Direct to Sample Container,Water Bottle,,Chloride,Total,23.1,mg/l,,Accepted,,Actual,,,,,,,,19,ft,,,,325.1,USEPA,Chloride by Colorimetric Analysis I,https://www.nemi.gov/methods/method_summary/5771/,,,,,,,,STORET
21MSWQ_WQX,MISSISSIPPI DEPARTMENT OF ENVIRONMENTAL QUALITY,21MSWQ_WQX-128451-625,Sample-Routine,Water,,2017-07-06,13:00:00,CDT,,,,,,,1.5,ft,19,ft,AMBLAKE17,MISSISSIPPI DEPARTMENT OF ENVIRONMENTAL QUALITY,21MSWQ_WQX-UM008,,,,,Grab-DTSC,MDEQ,Grab-Direct to Sample Container,Water Bottle,,Chloride,Total,23.2,mg/l,,Accepted,,Actual,,,,,,,,1.5,ft,,,,325.1,USEPA,Chloride by Colorimetric Analysis I,https://www.nemi.gov/methods/method_summary/5771/,,,,,,,,STORET
21MSWQ_WQX,MISSISSIPPI DEPARTMENT OF ENVIRONMENTAL QUALITY,21MSWQ_WQX-128465-625,Sample-Routine,Water,,2017-08-08,12:15:00,CDT,,,,13,ft,,,,,,AMBLAKE17,MISSISSIPPI DEPARTMENT OF ENVIRONMENTAL QUALITY,21MSWQ_WQX-UM008,,,,,Grab-DTSC,MDEQ,Grab-Direct to Sample Container,Water Bottle,,Chloride,Total,21.4,mg/l,,Accepted,,Actual,,,,,,,,13,ft,,,,325.1,USEPA,Chloride by Colorimetric Analysis I,https://www.nemi.gov/methods/method_summary/5771/,,,,,,,,STORET
21MSWQ_WQX,MISSISSIPPI DEPARTMENT OF ENVIRONMENTAL QUALITY,21MSWQ_WQX-128452-625,Sample-Routine,Water,,2017-08-09,12:15:00,CDT,,,,1.5,ft,,,,,,AMBLAKE17,MISSISSIPPI DEPARTMENT OF ENVIRONMENTAL QUALITY,21MSWQ_WQX-UM008,,,,,Grab-DTSC,MDEQ,Grab-Direct to Sample Container,Water Bottle,,Chloride,Total,21.4,mg/l,,Accepted,,Actual,,,,,,,,1.5,ft,,,,325.1,USEPA,Chloride by Colorimetric Analysis I,https://www.nemi.gov/methods/method_summary/5771/,,,,,,,,STORET
21MSWQ_WQX,MISSISSIPPI DEPARTMENT OF ENVIRONMENTAL QUALITY,21MSWQ_WQX-128645-625,Sample-Routine,Water,,2017-09-08,12:35:00,CDT,,,,,,,1.5,ft,9,ft,AMBLAKE17,MISSISSIPPI DEPARTMENT OF ENVIRONMENTAL QUALITY,21MSWQ_WQX-UM008,,,,,Grab-DTSC,MDEQ,Grab-Direct to Sample Container,Water Bottle,,Chloride,Total,20.2,mg/l,,Accepted,,Actual,,,,,,,,9,ft,,,,325.1,USEPA,Chloride by Colorimetric Analysis I,https://www.nemi.gov/methods/method_summary/5771/,,,,,,,,STORET
21MSWQ_WQX,MISSISSIPPI DEPARTMENT OF ENVIRONMENTAL QUALITY,21MSWQ_WQX-128645-625,Sample-Routine,Water,,2017-09-08,12:35:00,CDT,,,,,,,1.5,ft,9,ft,AMBLAKE17,MISSISSIPPI DEPARTMENT OF ENVIRONMENTAL QUALITY,21MSWQ_WQX-UM008,,,,,Grab-DTSC,MDEQ,Grab-Direct to Sample Container,Water Bottle,,Chloride,Total,20.3,mg/l,,Accepted,,Actual,,,,,,,,1.5,ft,,,,325.1,USEPA,Chloride by Colorimetric Analysis I,https://www.nemi.gov/methods/method_summary/5771/,,,,,,,,STORET
21MSWQ_WQX,MISSISSIPPI DEPARTMENT OF ENVIRONMENTAL QUALITY,21MSWQ_WQX-129591-625,Sample-Routine,Water,,2017-10-12,13:40:00,CDT,,,,4,ft,,,,,,AMBLAKE17,MISSISSIPPI DEPARTMENT OF ENVIRONMENTAL QUALITY,21MSWQ_WQX-UM008,,,,,Grab-DTSC,MDEQ,Grab-Direct to Sample Container,Water Bottle,,Chloride,Total,15.6,mg/l,,Accepted,,Actual,,,,,,,,4,ft,,,,325.1,USEPA,Chloride by Colorimetric Analysis I,https://www.nemi.gov/methods/method_summary/5771/,,,,,,,,STORET
21MSWQ_WQX,MISSISSIPPI DEPARTMENT OF ENVIRONMENTAL QUALITY,21MSWQ_WQX-137895-625,Sample-Routine,Water,,2018-05-22,13:26:00,CDT,,,,,,,1.5,ft,19,ft,AMBLAKE18,MISSISSIPPI DEPARTMENT OF ENVIRONMENTAL QUALITY,21MSWQ_WQX-UM008,,,,,Grab-DTSC,MDEQ,Grab-Direct to Sample Container,Water Bottle,,Chloride,Total,19.7,mg/l,,Accepted,,Actual,,,,,,,,1.5,ft,,,,325.1,USEPA,Chloride by Colorimetric Analysis I,https://www.nemi.gov/methods/method_summary/5771/,,,,,,,,STORET
21MSWQ_WQX,MISSISSIPPI DEPARTMENT OF ENVIRONMENTAL QUALITY,21MSWQ_WQX-137895-625,Sample-Routine,Water,,2018-05-22,13:26:00,CDT,,,,,,,1.5,ft,19,ft,AMBLAKE18,MISSISSIPPI DEPARTMENT OF ENVIRONMENTAL QUALITY,21MSWQ_WQX-UM008,,,,,Grab-DTSC,MDEQ,Grab-Direct to Sample Container,Water Bottle,,Chloride,Total,19.4,mg/l,,Accepted,,Actual,,,,,,,,19,ft,,,,325.1,USEPA,Chloride by Colorimetric Analysis I,https://www.nemi.gov/methods/method_summary/5771/,,,,,,,,STORET
21MSWQ_WQX,MISSISSIPPI DEPARTMENT OF ENVIRONMENTAL QUALITY,21MSWQ_WQX-138007-625,Sample-Routine,Water,,2018-06-20,12:12:00,CDT,,,,,,,1.5,ft,12,ft,AMBLAKE18,MISSISSIPPI DEPARTMENT OF ENVIRONMENTAL QUALITY,21MSWQ_WQX-UM008,,,,,Grab-DTSC,MDEQ,Grab-Direct to Sample Container,Water Bottle,,Chloride,Total,17.9,mg/l,,Accepted,,Actual,,,,,,,,1.5,ft,,,,325.1,USEPA,Chloride by Colorimetric Analysis I,https://www.nemi.gov/methods/method_summary/5771/,,,,,,,,STORET
21MSWQ_WQX,MISSISSIPPI DEPARTMENT OF ENVIRONMENTAL QUALITY,21MSWQ_WQX-138007-625,Sample-Routine,Water,,2018-06-20,12:12:00,CDT,,,,,,,1.5,ft,12,ft,AMBLAKE18,MISSISSIPPI DEPARTMENT OF ENVIRONMENTAL QUALITY,21MSWQ_WQX-UM008,,,,,Grab-DTSC,MDEQ,Grab-Direct to Sample Container,Water Bottle,,Chloride,Total,18,mg/l,,Accepted,,Actual,,,,,,,,12,ft,,,,325.1,USEPA,Chloride by Colorimetric Analysis I,https://www.nemi.gov/methods/method_summary/5771/,,,,,,,,STORET
21MSWQ_WQX,MISSISSIPPI DEPARTMENT OF ENVIRONMENTAL QUALITY,21MSWQ_WQX-142150-625,Sample-Routine,Water,,2018-07-19,12:50:00,CDT,,,,,,,1.5,ft,11,ft,AMBLAKE18,MISSISSIPPI DEPARTMENT OF ENVIRONMENTAL QUALITY,21MSWQ_WQX-UM008,,,,,Grab-DTSC,MDEQ,Grab-Direct to Sample Container,Water Bottle,,Chloride,Total,19.4,mg/l,,Accepted,,Actual,,,,,,,,11,ft,,,,325.1,USEPA,Chloride by Colorimetric Analysis I,https://www.nemi.gov/methods/method_summary/5771/,,,,,,,,STORET
21MSWQ_WQX,MISSISSIPPI DEPARTMENT OF ENVIRONMENTAL QUALITY,21MSWQ_WQX-142150-625,Sample-Routine,Water,,2018-07-19,12:50:00,CDT,,,,,,,1.5,ft,11,ft,AMBLAKE18,MISSISSIPPI DEPARTMENT OF ENVIRONMENTAL QUALITY,21MSWQ_WQX-UM008,,,,,Grab-DTSC,MDEQ,Grab-Direct to Sample Container,Water Bottle,,Chloride,Total,19.9,mg/l,,Accepted,,Actual,,,,,,,,1.5,ft,,,,325.1,USEPA,Chloride by Colorimetric Analysis I,https://www.nemi.gov/methods/method_summary/5771/,,,,,,,,STORET
21MSWQ_WQX,MISSISSIPPI DEPARTMENT OF ENVIRONMENTAL QUALITY,21MSWQ_WQX-142276-625,Sample-Routine,Water,,2018-08-23,16:01:00,CDT,,,,5,ft,,,,,,AMBLAKE18,MISSISSIPPI DEPARTMENT OF ENVIRONMENTAL QUALITY,21MSWQ_WQX-UM008,,,,,Grab-DTSC,MDEQ,Grab-Direct to Sample Container,Water Bottle,,Chloride,Total,17.7,mg/l,,Accepted,,Actual,,,,,,,,5,ft,,,,325.1,USEPA,Chloride by Colorimetric Analysis I,https://www.nemi.gov/methods/method_summary/5771/,,,,,,,,STORET
21MSWQ_WQX,MISSISSIPPI DEPARTMENT OF ENVIRONMENTAL QUALITY,21MSWQ_WQX-142351-625,Sample-Routine,Water,,2018-09-18,12:07:00,CDT,,,,,,,1.5,ft,20,ft,AMBLAKE18,MISSISSIPPI DEPARTMENT OF ENVIRONMENTAL QUALITY,21MSWQ_WQX-UM008,,,,,Grab-DTSC,MDEQ,Grab-Direct to Sample Container,Water Bottle,,Chloride,Total,21,mg/l,,Accepted,,Actual,,,,,,,,20,ft,,,,325.1,USEPA,Chloride by Colorimetric Analysis I,https://www.nemi.gov/methods/method_summary/5771/,,,,,,,,STORET
21MSWQ_WQX,MISSISSIPPI DEPARTMENT OF ENVIRONMENTAL QUALITY,21MSWQ_WQX-142351-625,Sample-Routine,Water,,2018-09-18,12:07:00,CDT,,,,,,,1.5,ft,20,ft,AMBLAKE18,MISSISSIPPI DEPARTMENT OF ENVIRONMENTAL QUALITY,21MSWQ_WQX-UM008,,,,,Grab-DTSC,MDEQ,Grab-Direct to Sample Container,Water Bottle,,Chloride,Total,21.9,mg/l,,Accepted,,Actual,,,,,,,,1.5,ft,,,,325.1,USEPA,Chloride by Colorimetric Analysis I,https://www.nemi.gov/methods/method_summary/5771/,,,,,,,,STORET
21MSWQ_WQX,MISSISSIPPI DEPARTMENT OF ENVIRONMENTAL QUALITY,21MSWQ_WQX-143378-625,Sample-Routine,Water,,2018-10-23,14:07:00,CDT,,,,,,,1.5,ft,26,ft,AMBLAKE18,MISSISSIPPI DEPARTMENT OF ENVIRONMENTAL QUALITY,21MSWQ_WQX-UM008,,,,,Grab-DTSC,MDEQ,Grab-Direct to Sample Container,Water Bottle,,Chloride,Total,24.3,mg/l,,Accepted,,Actual,,,,,,,,1.5,ft,,,,325.1,USEPA,Chloride by Colorimetric Analysis I,https://www.nemi.gov/methods/method_summary/5771/,,,,,,,,STORET
21MSWQ_WQX,MISSISSIPPI DEPARTMENT OF ENVIRONMENTAL QUALITY,21MSWQ_WQX-143378-625,Sample-Routine,Water,,2018-10-23,14:07:00,CDT,,,,,,,1.5,ft,26,ft,AMBLAKE18,MISSISSIPPI DEPARTMENT OF ENVIRONMENTAL QUALITY,21MSWQ_WQX-UM008,,,,,Grab-DTSC,MDEQ,Grab-Direct to Sample Container,Water Bottle,,Chloride,Total,24.8,mg/l,,Accepted,,Actual,,,,,,,,26,ft,,,,325.1,USEPA,Chloride by Colorimetric Analysis I,https://www.nemi.gov/methods/method_summary/5771/,,,,,,,,STORET
22LAGWTR_WQX,Louisiana Department Of Environmental Quality,22LAGWTR_WQX-42720110125-3,Sample-Routine,Water,,2011-01-25,10:55:00,CST,,,,,,,,,,,GW1991001,,22LAGWTR_WQX-1709,,,,,LDEQ QAPP,22LAGWTR_WQX,LDEQ QAPP,Pump/Bailer,,Chloride,Total,43.5,mg/l,,Validated,,Actual,,,,,,,,,,,,,300.0,USEPA,Determination of Inorganic Anions by Ion Chromatography,,,2011-02-03,,Practical Quantitation Limit,2.5,mg/l,,STORET
22LAGWTR_WQX,Louisiana Department Of Environmental Quality,22LAGWTR_WQX-42720110125-3,Sample-Routine,Water,,2011-01-25,10:55:00,CST,,,,,,,,,,,GW1991001,,22LAGWTR_WQX-1709,,,,,LDEQ QAPP,22LAGWTR_WQX,LDEQ QAPP,Pump/Bailer,Not Detected,Mercury,Total,,mg/l,U,Validated,,Actual,,,,,,,,,,,,,245.1,USEPA,Mercury in Water by CVAA,https://www.nemi.gov/methods/method_summary/4821/,,2011-01-27,,Practical Quantitation Limit,0.0002,mg/l,,STORET
22LAGWTR_WQX,Louisiana Department Of Environmental Quality,22LAGWTR_WQX-42720110125-3,Sample-Routine,Water,,2011-01-25,10:55:00,CST,,,,,,,,,,,GW1991001,,22LAGWTR_WQX-1709,,,,,LDEQ QAPP,22LAGWTR_WQX,LDEQ QAPP,Pump/Bailer,Not Detected,Lead,Total,,ug/l,U,Validated,,Actual,,,,,,,,,,,,,200.8,USEPA,Metals in Waters by ICP/MS,https://www.nemi.gov/methods/method_summary/4665/,,2011-02-01,,Practical Quantitation Limit,1,ug/l,,STORET
22LAGWTR_WQX,Louisiana Department Of Environmental Quality,22LAGWTR_WQX-42720100927-2,Field Msr/Obs,Water,,2010-09-27,11:11:00,CDT,,,,,,,,,,,GW1991001,,22LAGWTR_WQX-1864,,,,,LDEQ QAPP,22LAGWTR_WQX,LDEQ QAPP,Pump/Bailer,Not Detected,Lead,Total,,ug/l,U,Validated,,Actual,,,,,,,,,,,,,200.8,USEPA,Metals in Waters by ICP/MS,https://www.nemi.gov/methods/method_summary/4665/,,2010-09-30,,Practical Quantitation Limit,1,ug/l,,STORET
22LAGWTR_WQX,Louisiana Department Of Environmental Quality,22LAGWTR_WQX-42720100927-2,Field Msr/Obs,Water,,2010-09-27,11:11:00,CDT,,,,,,,,,,,GW1991001,,22LAGWTR_WQX-1864,,,,,LDEQ QAPP,22LAGWTR_WQX,LDEQ QAPP,Pump/Bailer,Not Detected,Mercury,Total,,mg/l,U,Validated,,Actual,,,,,,,,,,,,,245.1,USEPA,Mercury in Water by CVAA,https://www.nemi.gov/methods/method_summary/4821/,,2010-10-01,,Practical Quantitation Limit,0.0002,mg/l,,STORET
22LAGWTR_WQX,Louisiana Department Of Environmental Quality,22LAGWTR_WQX-42720100927-2,Field Msr/Obs,Water,,2010-09-27,11:11:00,CDT,,,,,,,,,,,GW1991001,,22LAGWTR_WQX-1864,,,,,LDEQ QAPP,22LAGWTR_WQX,LDEQ QAPP,Pump/Bailer,,Chloride,Total,12.3,mg/l,,Validated,,Actual,,,,,,,,,,,,,300.0,USEPA,Determination of Inorganic Anions by Ion Chromatography,,,2010-09-29,,Practical Quantitation Limit,0.25,mg/l,,STORET
OST_SHPD,"USEPA, Office of Water, Office of Science and Technology, Standards and Health Protection Division",OST_SHPD-LAR9-0907:FT:2014-08-19:759771,Sample-Composite With Parents,Tissue,,2014-08-19,,,,,,,,,,,,,NRSA1314,,OST_SHPD-NRSA1314-LAR9-0907,"{""CommonName"": ""Flathead catfish"", ""CompositeClassification"": ""Non-Routine"", ""FishTypeClassification"": ""Bottom Dweller"", ""epa_sample_id"": ""759771""}",,,,Seine_Dipnet,OST_SHPD,Fish Sample Seine,Dip Net,,Mercury,Total,259.00,ng/g,,Final,,Actual,Wet,,,,,,,,,,Pylodictis olivaris,"Fish Fillet, Homog., Skin On",1631E,USEPA,"1631E ~ Mercury in Water by Oxidation, Purge and Trap, and CVAFS",,ALS-Kelso,,,Lower Quantitation Limit,0.20,ng/g,,STORET