OrganizationIdentifier,OrganizationFormalName,ActivityIdentifier,ActivityTypeCode,ActivityMediaName,ActivityMediaSubdivisionName,ActivityStartDate,ActivityStartTime/Time,ActivityStartTime/TimeZoneCode,ActivityEndDate,ActivityEndTime/Time,ActivityEndTime/TimeZoneCode,ActivityDepthHeightMeasure/MeasureValue,ActivityDepthHeightMeasure/MeasureUnitCode,ActivityDepthAltitudeReferencePointText,ActivityTopDepthHeightMeasure/MeasureValue,ActivityTopDepthHeightMeasure/MeasureUnitCode,ActivityBottomDepthHeightMeasure/MeasureValue,ActivityBottomDepthHeightMeasure/MeasureUnitCode,ProjectIdentifier,ActivityConductingOrganizationText,MonitoringLocationIdentifier,ActivityCommentText,SampleAquifer,HydrologicCondition,HydrologicEvent,SampleCollectionMethod/MethodIdentifier,SampleCollectionMethod/MethodIdentifierContext,SampleCollectionMethod/MethodName,SampleCollectionEquipmentName,ResultDetectionConditionText,CharacteristicName,ResultSampleFractionText,ResultMeasureValue,ResultMeasure/MeasureUnitCode,MeasureQualifierCode,ResultStatusIdentifier,StatisticalBaseCode,ResultValueTypeName,ResultWeightBasisText,ResultTimeBasisText,ResultTemperatureBasisText,ResultParticleSizeBasisText,PrecisionValue,ResultCommentText,USGSPCode,ResultDepthHeightMeasure/MeasureValue,ResultDepthHeightMeasure/MeasureUnitCode,ResultDepthAltitudeReferencePointText,SubjectTaxonomicName,SampleTissueAnatomyName,ResultAnalyticalMethod/MethodIdentifier,ResultAnalyticalMethod/MethodIdentifierContext,ResultAnalyticalMethod/MethodName,MethodDescriptionText,LaboratoryName,AnalysisStartDate,ResultLaboratoryCommentText,DetectionQuantitationLimitTypeName,DetectionQuantitationLimitMeasure/MeasureValue,DetectionQuantitationLimitMeasure/MeasureUnitCode,PreparationStartDate,ProviderName
USGS-MI,USGS Michigan Water Science Center,nwismi.01.01000103,Sample-Routine,Water,Surface Water,2010-04-07,08:15:00,EST,,,,,,,,,,,,U.S. Geological Survey-Water Resources Discipline,USGS-04143701,,,"Stable, normal stage",Routine sample,70,USGS parameter code 82398,Grab sample  (dip),Grab sample,,Chloride,Total,51,mg/l,,Accepted,,Actual,,,,,,,99220,,,,,,,,,,Michigan Department of Environmental Quality (MDEQ),,,Lower Reporting Limit,1,mg/l,,NWIS
USGS-MI,USGS Michigan Water Science Center,nwismi.01.01000103,Sample-Routine,Water,Surface Water,2010-04-07,08:15:00,EST,,,,,,,,,,,,U.S. Geological Survey-Water Resources Discipline,USGS-04143701,,,"Stable, normal stage",Routine sample,70,USGS parameter code 82398,Grab sample  (dip),Grab sample,,Lead,Recoverable,0.83,ug/l,,Accepted,,Actual,,,,,,,01051,,,,,,PLM78,USGS,"Metals, wu, 2% corr, ICP-MS",,"State Laboratory of Hygiene, Wisconsin",,,Method Detection Limit (MDL),0.0041,ug/l,,NWIS
USGS-MI,USGS Michigan Water Science Center,nwismi.01.01000103,Sample-Routine,Water,Surface Water,2010-04-07,08:15:00,EST,,,,,,,,,,,,U.S. Geological Survey-Water Resources Discipline,USGS-04143701,,,"Stable, normal stage",Routine sample,70,USGS parameter code 82398,Grab sample  (dip),Grab sample,,Mercury,Total,3.6,ng/l,,Accepted,,Actual,,,,,,,50286,,,,,,CV036,USGS,"Mercury, wu, CV-AFS (CO WSC)",,"State Laboratory of Hygiene, Wisconsin",,,Method Detection Limit (MDL),0.14,ng/l,,NWIS
USGS-MI,USGS Michigan Water Science Center,nwismi.01.01001045,Sample-Routine,Water,Surface Water,2010-06-15,13:30:00,EST,,,,,,,,,,,,U.S. Geological Survey-Water Resources Discipline,USGS-04143701,,,"Stable, normal stage",Routine sample,70,USGS parameter code 82398,Grab sample  (dip),Grab sample,,Chloride,Total,55,mg/l,,Accepted,,Actual,,,,,,,99220,,,,,,,,,,Michigan Department of Environmental Quality (MDEQ),,,Lower Reporting Limit,1,mg/l,,NWIS
USGS-MI,USGS Michigan Water Science Center,nwismi.01.01001045,Sample-Routine,Water,Surface Water,2010-06-15,13:30:00,EST,,,,,,,,,,,,U.S. Geological Survey-Water Resources Discipline,USGS-04143701,,,"Stable, normal stage",Routine sample,70,USGS parameter code 82398,Grab sample  (dip),Grab sample,,Lead,Recoverable,0.02,ug/l,,Accepted,,Actual,,,,,,,01051,,,,,,PLM78,USGS,"Metals, wu, 2% corr, ICP-MS",,"State Laboratory of Hygiene, Wisconsin",,,Method Detection Limit (MDL),0.0041,ug/l,,NWIS
USGS-MI,USGS Michigan Water Science Center,nwismi.01.01001045,Sample-Routine,Water,Surface Water,2010-06-15,13:30:00,EST,,,,,,,,,,,,U.S. Geological Survey-Water Resources Discipline,USGS-04143701,,,"Stable, normal stage",Routine sample,70,USGS parameter code 82398,Grab sample  (dip),Grab sample,,Mercury,Total,0.37,ng/l,,Accepted,,Estimated,,,,,,,50286,,,,,,CV036,USGS,"Mercury, wu, CV-AFS (CO WSC)",,"State Laboratory of Hygiene, Wisconsin",,,Method Detection Limit (MDL),0.14,ng/l,,NWIS
USGS-MI,USGS Michigan Water Science Center,nwismi.01.01001221,Sample-Routine,Water,Surface Water,2010-08-12,09:15:00,EST,,,,,,,,,,,,U.S. Geological Survey-Water Resources Discipline,USGS-04143701,,,"Stable, normal stage",Routine sample,70,USGS parameter code 82398,Grab sample  (dip),Grab sample,,Chloride,Total,53,mg/l,,Accepted,,Actual,,,,,,,99220,,,,,,,,,,Michigan Department of Environmental Quality (MDEQ),,,Lower Reporting Limit,1,mg/l,,NWIS
USGS-MI,USGS Michigan Water Science Center,nwismi.01.01001221,Sample-Routine,Water,Surface Water,2010-08-12,09:15:00,EST,,,,,,,,,,,,U.S. Geological Survey-Water Resources Discipline,USGS-04143701,,,"Stable, normal stage",Routine sample,70,USGS parameter code 82398,Grab sample  (dip),Grab sample,,Lead,Recoverable,0.04,ug/l,,Accepted,,Actual,,,,,,,01051,,,,,,PLM78,USGS,"Metals, wu, 2% corr, ICP-MS",,"State Laboratory of Hygiene, Wisconsin",,,Method Detection Limit (MDL),0.0041,ug/l,,NWIS
USGS-MI,USGS Michigan Water Science Center,nwismi.01.01001221,Sample-Routine,Water,Surface Water,2010-08-12,09:15:00,EST,,,,,,,,,,,,U.S. Geological Survey-Water Resources Discipline,USGS-04143701,,,"Stable, normal stage",Routine sample,70,USGS parameter code 82398,Grab sample  (dip),Grab sample,,Mercury,Total,0.38,ng/l,,Accepted,,Estimated,,,,,,,50286,,,,,,CV036,USGS,"Mercury, wu, CV-AFS (CO WSC)",,"State Laboratory of Hygiene, Wisconsin",,,Method Detection Limit (MDL),0.14,ng/l,,NWIS
USGS-MI,USGS Michigan Water Science Center,nwismi.01.01100022,Sample-Routine,Water,Surface Water,2010-10-12,17:00:00,EST,,,,,,,,,,,,U.S. Geological Survey-Water Resources Discipline,USGS-04143701,,,"Stable, normal stage",Routine sample,70,USGS parameter code 82398,Grab sample  (dip),Grab sample,,Chloride,Total,52,mg/l,,Accepted,,Estimated,,,,,,Analyte value quantified from a dilution(s); reporting limit (RL) raised.,99220,,,,,,,,,,Michigan Department of Environmental Quality (MDEQ),,sample was diluted,Lower Reporting Limit,1,mg/l,,NWIS
USGS-MI,USGS Michigan Water Science Center,nwismi.01.01100022,Sample-Routine,Water,Surface Water,2010-10-12,17:00:00,EST,,,,,,,,,,,,U.S. Geological Survey-Water Resources Discipline,USGS-04143701,,,"Stable, normal stage",Routine sample,70,USGS parameter code 82398,Grab sample  (dip),Grab sample,,Lead,Recoverable,0.04,ug/l,,Accepted,,Actual,,,,,,,01051,,,,,,PLM78,USGS,"Metals, wu, 2% corr, ICP-MS",,"State Laboratory of Hygiene, Wisconsin",,,Method Detection Limit (MDL),0.0041,ug/l,,NWIS
USGS-MI,USGS Michigan Water Science Center,nwismi.01.01100022,Sample-Routine,Water,Surface Water,2010-10-12,17:00:00,EST,,,,,,,,,,,,U.S. Geological Survey-Water Resources Discipline,USGS-04143701,,,"Stable, normal stage",Routine sample,70,USGS parameter code 82398,Grab sample  (dip),Grab sample,,Mercury,Total,0.26,ng/l,,Accepted,,Estimated,,,,,,,50286,,,,,,CV036,USGS,"Mercury, wu, CV-AFS (CO WSC)",,"State Laboratory of Hygiene, Wisconsin",,,Method Detection Limit (MDL),0.14,ng/l,,NWIS
USGS-MI,USGS Michigan Water Science Center,nwismi.01.01600908,Sample-Routine,Water,Groundwater,2016-08-09,13:00:00,EST,,,,5.0,feet,,,,,,National Water Quality Assessment Program (NAWQA),U.S. Geological Survey-Water Resources Discipline,USGS-423020083390100,L-2230106 Samples were received chilled at the WHOI lab.,,Not applicable,Not applicable,4040,USGS parameter code 82398,Submersible pump,Submersible centrifugal pump,,Lead,Dissolved,0.070,ug/l,,Preliminary,,Actual,,,,,,,01049,,,,,,PLM43,USGS,"Metals, wf, ICP-MS",USGS OF 92-634,"USGS-National Water Quality Lab, Denver, CO",2016-10-08,,,,,,NWIS
USGS-MI,USGS Michigan Water Science Center,nwismi.01.01600908,Sample-Routine,Water,Groundwater,2016-08-09,13:00:00,EST,,,,5.0,feet,,,,,,National Water Quality Assessment Program (NAWQA),U.S. Geological Survey-Water Resources Discipline,USGS-423020083390100,L-2230106 Samples were received chilled at the WHOI lab.,,Not applicable,Not applicable,4040,USGS parameter code 82398,Submersible pump,Submersible centrifugal pump,,Chloride,Dissolved,485,mg/l,,Preliminary,,Actual,,,,,,,00940,,,,,,IC022,USGS,"Anions, wf, IC","Standard Methods (22d ed), 2012, p 4-5 - 4-7","USGS-National Water Quality Lab, Denver, CO",2016-08-19,sample was diluted,,,,,NWIS
USGS-MI,USGS Michigan Water Science Center,nwismi.01.01600911,Sample-Routine,Water,Groundwater,2016-08-09,11:00:00,EST,,,,,,,,,,,National Water Quality Assessment Program (NAWQA),U.S. Geological Survey-Water Resources Discipline,USGS-423020083390101,L-2230107 Samples were received chilled at the WHOI lab.,,Not applicable,Not applicable,4040,USGS parameter code 82398,Submersible pump,Submersible centrifugal pump,,Chloride,Dissolved,358,mg/l,,Preliminary,,Actual,,,,,,,00940,,,,,,IC022,USGS,"Anions, wf, IC","Standard Methods (22d ed), 2012, p 4-5 - 4-7","USGS-National Water Quality Lab, Denver, CO",2016-08-19,sample was diluted,,,,,NWIS
USGS-MI,USGS Michigan Water Science Center,nwismi.01.01600911,Sample-Routine,Water,Groundwater,2016-08-09,11:00:00,EST,,,,,,,,,,,National Water Quality Assessment Program (NAWQA),U.S. Geological Survey-Water Resources Discipline,USGS-423020083390101,L-2230107 Samples were received chilled at the WHOI lab.,,Not applicable,Not applicable,4040,USGS parameter code 82398,Submersible pump,Submersible centrifugal pump,,Lead,Dissolved,0.020,ug/l,,Preliminary,,Actual,,,,,,,01049,,,,,,PLM43,USGS,"Metals, wf, ICP-MS",USGS OF 92-634,"USGS-National Water Quality Lab, Denver, CO",2016-10-08,below the reporting level but at or above the detection level,,,,,NWIS
USGS-MI,USGS Michigan Water Science Center,nwismi.01.01601122,Sample-Routine,Water,Groundwater,2016-09-27,10:00:00,EST,,,,12,feet,,,,,,National Water Quality Assessment Program (NAWQA),U.S. Geological Survey,USGS-423022083233300,L-2720097 Samples were received chilled at the WHOI lab.,,Not applicable,Not applicable,4047,USGS parameter code 82398,Submersible gear pump,Submersible gear pump,,Lead,Dissolved,0.090,ug/l,,Preliminary,,Actual,,,,,,,01049,,,,,,PLM43,USGS,"Metals, wf, ICP-MS",USGS OF 92-634,"USGS-National Water Quality Lab, Denver, CO",2017-01-04,,,,,,NWIS
USGS-MI,USGS Michigan Water Science Center,nwismi.01.01601122,Sample-Routine,Water,Groundwater,2016-09-27,10:00:00,EST,,,,12,feet,,,,,,National Water Quality Assessment Program (NAWQA),U.S. Geological Survey,USGS-423022083233300,L-2720097 Samples were received chilled at the WHOI lab.,,Not applicable,Not applicable,4047,USGS parameter code 82398,Submersible gear pump,Submersible gear pump,,Chloride,Dissolved,97.3,mg/l,,Preliminary,,Actual,,,,,,,00940,,,,,,IC022,USGS,"Anions, wf, IC","Standard Methods (22d ed), 2012, p 4-5 - 4-7","USGS-National Water Quality Lab, Denver, CO",2016-10-04,sample was diluted,,,,,NWIS
USGS-MI,USGS Michigan Water Science Center,nwismi.01.01100421,Sample-Routine,Water,Groundwater,2011-08-09,11:00:00,EDT,,,,42.00,feet,,,,,,National Water Quality Assessment Program (NAWQA),U.S. Geological Survey-Water Resources Discipline,USGS-423032083295700,"A-2230106 4 drops of acid used to preserve VOC sample L-2230106 LC4200 Added. Sample received cloudy...  proj acct corrected per runkle, paa, 8/16/11",Sand and Gravel,Not applicable,Routine sample,4040,USGS parameter code 82398,Submersible pump,Submersible positive-pressure pump,,Chloride,Dissolved,7.64,mg/l,,Accepted,,Actual,,,,,,,00940,,,,,,IC022,USGS,"Anions, wf, IC","Standard Methods (22d ed), 2012, p 4-5 - 4-7","USGS-National Water Quality Lab, Denver, CO",2011-09-16,,Long Term Method Detection Level,0.06,mg/l,,NWIS
USGS-MI,USGS Michigan Water Science Center,nwismi.01.01100421,Sample-Routine,Water,Groundwater,2011-08-09,11:00:00,EDT,,,,42.00,feet,,,,,,National Water Quality Assessment Program (NAWQA),U.S. Geological Survey-Water Resources Discipline,USGS-423032083295700,"A-2230106 4 drops of acid used to preserve VOC sample L-2230106 LC4200 Added. Sample received cloudy...  proj acct corrected per runkle, paa, 8/16/11",Sand and Gravel,Not applicable,Routine sample,4040,USGS parameter code 82398,Submersible pump,Submersible positive-pressure pump,,Lead,Dissolved,0.017,ug/l,,Accepted,,Actual,,,,,,,01049,,,,,,PLM43,USGS,"Metals, wf, ICP-MS",USGS OF 92-634,"USGS-National Water Quality Lab, Denver, CO",2011-08-30,below the reporting level but at or above the detection level,Long Term Method Detection Level,0.015,ug/l,,NWIS
USGS-MI,USGS Michigan Water Science Center,nwismi.01.01600914,Sample-Routine,Water,Groundwater,2016-08-08,11:00:00,EDT,,,,,,,,,,,National Water Quality Assessment Program (NAWQA),U.S. Geological Survey-Water Resources Discipline,USGS-423032083295700,L-2220128 Samples were received chilled at the WHOI lab.,,Not applicable,Not applicable,4040,USGS parameter code 82398,Submersible pump,Submersible centrifugal pump,,Chloride,Dissolved,6.04,mg/l,,Preliminary,,Actual,,,,,,,00940,,,,,,IC022,USGS,"Anions, wf, IC","Standard Methods (22d ed), 2012, p 4-5 - 4-7","USGS-National Water Quality Lab, Denver, CO",2016-08-17,,,,,,NWIS
USGS-MI,USGS Michigan Water Science Center,nwismi.01.01600914,Sample-Routine,Water,Groundwater,2016-08-08,11:00:00,EDT,,,,,,,,,,,National Water Quality Assessment Program (NAWQA),U.S. Geological Survey-Water Resources Discipline,USGS-423032083295700,L-2220128 Samples were received chilled at the WHOI lab.,,Not applicable,Not applicable,4040,USGS parameter code 82398,Submersible pump,Submersible centrifugal pump,,Lead,Dissolved,0.164,ug/l,,Preliminary,,Actual,,,,,,,01049,,,,,,PLM43,USGS,"Metals, wf, ICP-MS",USGS OF 92-634,"USGS-National Water Quality Lab, Denver, CO",2016-09-30,,,,,,NWIS
USGS-MI,USGS Michigan Water Science Center,nwismi.01.01100065,Sample-Routine,Water,Groundwater,2010-11-30,14:00:00,EST,,,,41.50,feet,,,,,,,U.S. Geological Survey,USGS-423223083374000,A-3350014 4 drops of acid used to preserve VOC sample,Outwash,Not applicable,Routine sample,4040,USGS parameter code 82398,Submersible pump,Submersible positive-pressure pump,,Chloride,Dissolved,37.9,mg/l,,Preliminary,,Actual,,,,,,,00940,,,,,,IC022,USGS,"Anions, wf, IC","Standard Methods (22d ed), 2012, p 4-5 - 4-7","USGS-National Water Quality Lab, Denver, CO",2010-12-22,,Long Term Method Detection Level,0.06,mg/l,,NWIS
USGS-MI,USGS Michigan Water Science Center,nwismi.01.01100065,Sample-Routine,Water,Groundwater,2010-11-30,14:00:00,EST,,,,41.50,feet,,,,,,,U.S. Geological Survey,USGS-423223083374000,A-3350014 4 drops of acid used to preserve VOC sample,Outwash,Not applicable,Routine sample,4040,USGS parameter code 82398,Submersible pump,Submersible positive-pressure pump,Not Detected,Lead,Dissolved,,,,Preliminary,,Actual,,,,,,,01049,,,,,,PLM43,USGS,"Metals, wf, ICP-MS",USGS OF 92-634,"USGS-National Water Quality Lab, Denver, CO",2010-12-08,,Long Term Method Detection Level,0.015,ug/l,,NWIS
USGS-MI,USGS Michigan Water Science Center,nwismi.01.01600899,Sample-Routine,Water,Groundwater,2016-08-11,11:00:00,EST,,,,30,feet,,,,,,National Water Quality Assessment Program (NAWQA),U.S. Geological Survey-Water Resources Discipline,USGS-423354083274801,L-2250100 Samples were received chilled at the WHOI lab. Samples were received chilled at the WHOI lab.,,Not applicable,Not applicable,4047,USGS parameter code 82398,Submersible gear pump,Submersible gear pump,,Chloride,Dissolved,141,mg/l,,Preliminary,,Actual,,,,,,,00940,,,,,,IC022,USGS,"Anions, wf, IC","Standard Methods (22d ed), 2012, p 4-5 - 4-7","USGS-National Water Quality Lab, Denver, CO",2016-08-19,sample was diluted,,,,,NWIS
USGS-MI,USGS Michigan Water Science Center,nwismi.01.01600899,Sample-Routine,Water,Groundwater,2016-08-11,11:00:00,EST,,,,30,feet,,,,,,National Water Quality Assessment Program (NAWQA),U.S. Geological Survey-Water Resources Discipline,USGS-423354083274801,L-2250100 Samples were received chilled at the WHOI lab. Samples were received chilled at the WHOI lab.,,Not applicable,Not applicable,4047,USGS parameter code 82398,Submersible gear pump,Submersible gear pump,,Lead,Dissolved,0.020,ug/l,,Preliminary,,Actual,,,,,,,01049,,,,,,PLM43,USGS,"Metals, wf, ICP-MS",USGS OF 92-634,"USGS-National Water Quality Lab, Denver, CO",2016-10-18,below the reporting level but at or above the detection level,,,,,NWIS
USGS-MI,USGS Michigan Water Science Center,nwismi.01.01601155,Sample-Routine,Water,Groundwater,2016-09-13,09:00:00,EST,,,,,,,,,,,National Water Quality Assessment Program (NAWQA),U.S. Geological Survey,USGS-423422083305600,L-2739623 Samples were received chilled at the WHOI lab.,,Not applicable,Not applicable,4047,USGS parameter code 82398,Submersible gear pump,Submersible gear pump,,Chloride,Dissolved,127,mg/l,,Preliminary,,Actual,,,,,,,00940,,,,,,IC022,USGS,"Anions, wf, IC","Standard Methods (22d ed), 2012, p 4-5 - 4-7","USGS-National Water Quality Lab, Denver, CO",2016-09-21,sample was diluted,,,,,NWIS
USGS-MI,USGS Michigan Water Science Center,nwismi.01.01601155,Sample-Routine,Water,Groundwater,2016-09-13,09:00:00,EST,,,,,,,,,,,National Water Quality Assessment Program (NAWQA),U.S. Geological Survey,USGS-423422083305600,L-2739623 Samples were received chilled at the WHOI lab.,,Not applicable,Not applicable,4047,USGS parameter code 82398,Submersible gear pump,Submersible gear pump,,Lead,Dissolved,0.030,ug/l,,Preliminary,,Actual,,,,,,,01049,,,,,,PLM43,USGS,"Metals, wf, ICP-MS",USGS OF 92-634,"USGS-National Water Quality Lab, Denver, CO",2017-01-18,below the reporting level but at or above the detection level,,,,,NWIS
USGS-MI,USGS Michigan Water Science Center,nwismi.01.01601149,Sample-Routine,Water,Groundwater,2016-09-13,12:00:00,EST,,,,,,,,,,,National Water Quality Assessment Program (NAWQA),U.S. Geological Survey,USGS-423422083305601,L-2739625 Samples were received chilled at the WHOI lab.,,Not applicable,Not applicable,4040,USGS parameter code 82398,Submersible pump,Submersible centrifugal pump,,Chloride,Dissolved,6.93,mg/l,,Preliminary,,Actual,,,,,,,00940,,,,,,IC022,USGS,"Anions, wf, IC","Standard Methods (22d ed), 2012, p 4-5 - 4-7","USGS-National Water Quality Lab, Denver, CO",2016-09-21,,,,,,NWIS
USGS-MI,USGS Michigan Water Science Center,nwismi.01.01601149,Sample-Routine,Water,Groundwater,2016-09-13,12:00:00,EST,,,,,,,,,,,National Water Quality Assessment Program (NAWQA),U.S. Geological Survey,USGS-423422083305601,L-2739625 Samples were received chilled at the WHOI lab.,,Not applicable,Not applicable,4040,USGS parameter code 82398,Submersible pump,Submersible centrifugal pump,Not Detected,Lead,Dissolved,,,,Preliminary,,Actual,,,,,,,01049,,,,,,PLM43,USGS,"Metals, wf, ICP-MS",USGS OF 92-634,"USGS-National Water Quality Lab, Denver, CO",2017-01-18,,,,,,NWIS
USGS-MI,USGS Michigan Water Science Center,nwismi.01.01600902,Sample-Routine,Water,Groundwater,2016-08-10,13:00:00,EST,,,,14,feet,,,,,,National Water Quality Assessment Program (NAWQA),U.S. Geological Survey-Water Resources Discipline,USGS-423427083274700,L-2240041 Samples were received chilled at the WHOI lab. Changed Station Id to current per S. Beeler. JPC 11/3/16,,Not applicable,Not applicable,4047,USGS parameter code 82398,Submersible gear pump,Submersible gear pump,,Chloride,Dissolved,77.8,mg/l,,Preliminary,,Actual,,,,,,,00940,,,,,,IC022,USGS,"Anions, wf, IC","Standard Methods (22d ed), 2012, p 4-5 - 4-7","USGS-National Water Quality Lab, Denver, CO",2016-08-19,sample was diluted,,,,,NWIS
USGS-MI,USGS Michigan Water Science Center,nwismi.01.01600902,Sample-Routine,Water,Groundwater,2016-08-10,13:00:00,EST,,,,14,feet,,,,,,National Water Quality Assessment Program (NAWQA),U.S. Geological Survey-Water Resources Discipline,USGS-423427083274700,L-2240041 Samples were received chilled at the WHOI lab. Changed Station Id to current per S. Beeler. JPC 11/3/16,,Not applicable,Not applicable,4047,USGS parameter code 82398,Submersible gear pump,Submersible gear pump,,Lead,Dissolved,0.020,ug/l,,Preliminary,,Actual,,,,,,,01049,,,,,,PLM43,USGS,"Metals, wf, ICP-MS",USGS OF 92-634,"USGS-National Water Quality Lab, Denver, CO",2016-10-28,below the reporting level but at or above the detection level,,,,,NWIS
USGS-MI,USGS Michigan Water Science Center,nwismi.01.01600905,Sample-Routine,Water,Groundwater,2016-08-10,09:00:00,EST,,,,,,,,,,,National Water Quality Assessment Program (NAWQA),U.S. Geological Survey-Water Resources Discipline,USGS-423427083274701,L-2240042 Samples were received chilled at the WHOI lab.,,Not applicable,Not applicable,4047,USGS parameter code 82398,Submersible gear pump,Submersible gear pump,,Chloride,Dissolved,213,mg/l,,Preliminary,,Actual,,,,,,,00940,,,,,,IC022,USGS,"Anions, wf, IC","Standard Methods (22d ed), 2012, p 4-5 - 4-7","USGS-National Water Quality Lab, Denver, CO",2016-08-19,sample was diluted,,,,,NWIS
USGS-MI,USGS Michigan Water Science Center,nwismi.01.01600905,Sample-Routine,Water,Groundwater,2016-08-10,09:00:00,EST,,,,,,,,,,,National Water Quality Assessment Program (NAWQA),U.S. Geological Survey-Water Resources Discipline,USGS-423427083274701,L-2240042 Samples were received chilled at the WHOI lab.,,Not applicable,Not applicable,4047,USGS parameter code 82398,Submersible gear pump,Submersible gear pump,,Lead,Dissolved,0.040,ug/l,,Preliminary,,Actual,,,,,,,01049,,,,,,PLM43,USGS,"Metals, wf, ICP-MS",USGS OF 92-634,"USGS-National Water Quality Lab, Denver, CO",2016-11-16,,,,,,NWIS
USGS-MI,USGS Michigan Water Science Center,nwismi.01.01601069,Sample-Routine,Water,Groundwater,2016-08-16,14:00:00,EST,,,,25,feet,,,,,,National Water Quality Assessment Program (NAWQA),U.S. Geological Survey,USGS-423958083331000,L-2300123 Changed proposal from GLNAWMI to CL16NAWMI.  8/18/2016 mec  SCH1792 changed to 1979 due to high solids  Samples were received chilled at the WHOI lab.,,Not applicable,Not applicable,4047,USGS parameter code 82398,Submersible gear pump,Submersible gear pump,,Chloride,Dissolved,693,mg/l,,Preliminary,,Actual,,,,,,,00940,,,,,,IC022,USGS,"Anions, wf, IC","Standard Methods (22d ed), 2012, p 4-5 - 4-7","USGS-National Water Quality Lab, Denver, CO",2016-08-26,sample was diluted,,,,,NWIS
USGS-MI,USGS Michigan Water Science Center,nwismi.01.01601069,Sample-Routine,Water,Groundwater,2016-08-16,14:00:00,EST,,,,25,feet,,,,,,National Water Quality Assessment Program (NAWQA),U.S. Geological Survey,USGS-423958083331000,L-2300123 Changed proposal from GLNAWMI to CL16NAWMI.  8/18/2016 mec  SCH1792 changed to 1979 due to high solids  Samples were received chilled at the WHOI lab.,,Not applicable,Not applicable,4047,USGS parameter code 82398,Submersible gear pump,Submersible gear pump,Not Detected,Lead,Dissolved,,,,Preliminary,,Actual,,,,,,,01049,,,,,,PLM43,USGS,"Metals, wf, ICP-MS",USGS OF 92-634,"USGS-National Water Quality Lab, Denver, CO",2016-11-17,sample was diluted,Elevated Detection Limit,0.060,ug/l,,NWIS
USGS-MI,USGS Michigan Water Science Center,nwismi.01.01601051,Sample-Routine,Water,Groundwater,2016-08-16,10:00:00,EST,,,,,,,,,,,National Water Quality Assessment Program (NAWQA),U.S. Geological Survey,USGS-423958083331001,L-2300121 Changed proposal from GLNAWMI to CL16NAWMI.  8/18/2016 mec  Samples were received chilled at the WHOI lab.,,Not applicable,Not applicable,4040,USGS parameter code 82398,Submersible pump,Submersible centrifugal pump,,Chloride,Dissolved,200,mg/l,,Preliminary,,Actual,,,,,,,00940,,,,,,IC022,USGS,"Anions, wf, IC","Standard Methods (22d ed), 2012, p 4-5 - 4-7","USGS-National Water Quality Lab, Denver, CO",2016-08-26,sample was diluted,,,,,NWIS
USGS-MI,USGS Michigan Water Science Center,nwismi.01.01601051,Sample-Routine,Water,Groundwater,2016-08-16,10:00:00,EST,,,,,,,,,,,National Water Quality Assessment Program (NAWQA),U.S. Geological Survey,USGS-423958083331001,L-2300121 Changed proposal from GLNAWMI to CL16NAWMI.  8/18/2016 mec  Samples were received chilled at the WHOI lab.,,Not applicable,Not applicable,4040,USGS parameter code 82398,Submersible pump,Submersible centrifugal pump,,Lead,Dissolved,0.040,ug/l,,Preliminary,,Actual,,,,,,,01049,,,,,,PLM43,USGS,"Metals, wf, ICP-MS",USGS OF 92-634,"USGS-National Water Quality Lab, Denver, CO",2016-10-19,,,,,,NWIS
USGS-MI,USGS Michigan Water Science Center,nwismi.01.01601010,Sample-Routine,Water,Groundwater,2016-08-16,14:00:00,EST,,,,15.56,feet,,,,,,National Water Quality Assessment Program (NAWQA),U.S. Geological Survey,USGS-424010083360200,L-2300120 Changed proposal from GL16NAWMI to CL16NAWMI.  8/18/2016 MEC  Samples were received chilled at the WHOI lab.,,Not applicable,Not applicable,4047,USGS parameter code 82398,Submersible gear pump,Submersible gear pump,,Chloride,Dissolved,117,mg/l,,Preliminary,,Actual,,,,,,,00940,,,,,,IC022,USGS,"Anions, wf, IC","Standard Methods (22d ed), 2012, p 4-5 - 4-7","USGS-National Water Quality Lab, Denver, CO",2016-08-26,sample was diluted,,,,,NWIS
USGS-MI,USGS Michigan Water Science Center,nwismi.01.01601010,Sample-Routine,Water,Groundwater,2016-08-16,14:00:00,EST,,,,15.56,feet,,,,,,National Water Quality Assessment Program (NAWQA),U.S. Geological Survey,USGS-424010083360200,L-2300120 Changed proposal from GL16NAWMI to CL16NAWMI.  8/18/2016 MEC  Samples were received chilled at the WHOI lab.,,Not applicable,Not applicable,4047,USGS parameter code 82398,Submersible gear pump,Submersible gear pump,Not Detected,Lead,Dissolved,,,,Preliminary,,Actual,,,,,,,01049,,,,,,PLM43,USGS,"Metals, wf, ICP-MS",USGS OF 92-634,"USGS-National Water Quality Lab, Denver, CO",2016-10-19,,,,,,NWIS
USGS-MI,USGS Michigan Water Science Center,nwismi.01.01601125,Sample-Routine,Water,Groundwater,2016-09-22,11:00:00,EST,,,,18,feet,,,,,,National Water Quality Assessment Program (NAWQA),U.S. Geological Survey,USGS-424027083084001,L-2670014 Samples were received chilled at the WHOI lab.,,Not applicable,Not applicable,4047,USGS parameter code 82398,Submersible gear pump,Submersible gear pump,,Chloride,Dissolved,206,mg/l,,Preliminary,,Actual,,,,,,,00940,,,,,,IC022,USGS,"Anions, wf, IC","Standard Methods (22d ed), 2012, p 4-5 - 4-7","USGS-National Water Quality Lab, Denver, CO",2016-10-07,sample was diluted,,,,,NWIS
USGS-MI,USGS Michigan Water Science Center,nwismi.01.01601125,Sample-Routine,Water,Groundwater,2016-09-22,11:00:00,EST,,,,18,feet,,,,,,National Water Quality Assessment Program (NAWQA),U.S. Geological Survey,USGS-424027083084001,L-2670014 Samples were received chilled at the WHOI lab.,,Not applicable,Not applicable,4047,USGS parameter code 82398,Submersible gear pump,Submersible gear pump,,Lead,Dissolved,0.120,ug/l,,Preliminary,,Actual,,,,,,,01049,,,,,,PLM43,USGS,"Metals, wf, ICP-MS",USGS OF 92-634,"USGS-National Water Quality Lab, Denver, CO",2017-02-03,sample was diluted,,,,,NWIS
USGS-MI,USGS Michigan Water Science Center,nwismi.01.01601013,Sample-Routine,Water,Groundwater,2016-08-16,11:00:00,EST,,,,33.3,feet,,,,,,National Water Quality Assessment Program (NAWQA),U.S. Geological Survey,USGS-424258083223300,L-2300122 Changed proposal from GLNAWMI to CL16NAWMI.  8/18/2016 mec  Samples were received chilled at the WHOI lab.,,Not applicable,Not applicable,4047,USGS parameter code 82398,Submersible gear pump,Submersible gear pump,,Chloride,Dissolved,481,mg/l,,Preliminary,,Actual,,,,,,,00940,,,,,,IC022,USGS,"Anions, wf, IC","Standard Methods (22d ed), 2012, p 4-5 - 4-7","USGS-National Water Quality Lab, Denver, CO",2016-08-26,sample was diluted,,,,,NWIS
USGS-MI,USGS Michigan Water Science Center,nwismi.01.01601013,Sample-Routine,Water,Groundwater,2016-08-16,11:00:00,EST,,,,33.3,feet,,,,,,National Water Quality Assessment Program (NAWQA),U.S. Geological Survey,USGS-424258083223300,L-2300122 Changed proposal from GLNAWMI to CL16NAWMI.  8/18/2016 mec  Samples were received chilled at the WHOI lab.,,Not applicable,Not applicable,4047,USGS parameter code 82398,Submersible gear pump,Submersible gear pump,Not Detected,Lead,Dissolved,,,,Preliminary,,Actual,,,,,,,01049,,,,,,PLM43,USGS,"Metals, wf, ICP-MS",USGS OF 92-634,"USGS-National Water Quality Lab, Denver, CO",2016-11-17,sample was diluted,Elevated Detection Limit,0.100,ug/l,,NWIS
USGS-MI,USGS Michigan Water Science Center,nwismi.01.01601040,Sample-Routine,Water,Groundwater,2016-09-07,11:00:00,EDT,,,,,,,,,,,National Water Quality Assessment Program (NAWQA),U.S. Geological Survey,USGS-424301083092400,L-2739615 Samples were received chilled at the WHOI lab.,,Not applicable,Not applicable,4040,USGS parameter code 82398,Submersible pump,Submersible centrifugal pump,,Chloride,Dissolved,17.6,mg/l,,Preliminary,,Actual,,,,,,,00940,,,,,,IC022,USGS,"Anions, wf, IC","Standard Methods (22d ed), 2012, p 4-5 - 4-7","USGS-National Water Quality Lab, Denver, CO",2016-09-15,,,,,,NWIS
USGS-MI,USGS Michigan Water Science Center,nwismi.01.01601040,Sample-Routine,Water,Groundwater,2016-09-07,11:00:00,EDT,,,,,,,,,,,National Water Quality Assessment Program (NAWQA),U.S. Geological Survey,USGS-424301083092400,L-2739615 Samples were received chilled at the WHOI lab.,,Not applicable,Not applicable,4040,USGS parameter code 82398,Submersible pump,Submersible centrifugal pump,,Lead,Dissolved,0.020,ug/l,,Preliminary,,Actual,,,,,,,01049,,,,,,PLM43,USGS,"Metals, wf, ICP-MS",USGS OF 92-634,"USGS-National Water Quality Lab, Denver, CO",2016-12-08,below the reporting level but at or above the detection level,,,,,NWIS
USGS-MI,USGS Michigan Water Science Center,nwismi.01.01000123,Sample-Routine,Water,Surface Water,2010-03-31,10:20:00,EST,,,,9.5,feet,,,,,,,U.S. Geological Survey-Water Resources Discipline,USGS-424306083404306,,,Not applicable,Routine sample,USGS,USGS,USGS,Unknown,,Chloride,Dissolved,24.0,mg/l,,Accepted,,Actual,,,,,,"""CAS NUMBER = 16887006, EPA METHOD  = 4500-CL E SM""",00940,,,,,,,,,,Michigan Department of Environmental Quality (MDEQ),2010-04-02,,Lower Reporting Limit,1,mg/l,,NWIS
USGS-MI,USGS Michigan Water Science Center,nwismi.01.01100067,Sample-Routine,Water,Groundwater,2010-12-01,11:00:00,EST,,,,35.00,feet,,,,,,National Water Quality Assessment Program (NAWQA),U.S. Geological Survey,USGS-424536083282300,A-3360035 3 drops of acid used to preserve VOC sample,Outwash,Not applicable,Routine sample,4040,USGS parameter code 82398,Submersible pump,Submersible positive-pressure pump,,Chloride,Dissolved,101,mg/l,,Accepted,,Actual,,,,,,,00940,,,,,,IC022,USGS,"Anions, wf, IC","Standard Methods (22d ed), 2012, p 4-5 - 4-7","USGS-National Water Quality Lab, Denver, CO",2010-12-09,,Long Term Method Detection Level,0.06,mg/l,,NWIS
USGS-MI,USGS Michigan Water Science Center,nwismi.01.01100067,Sample-Routine,Water,Groundwater,2010-12-01,11:00:00,EST,,,,35.00,feet,,,,,,National Water Quality Assessment Program (NAWQA),U.S. Geological Survey,USGS-424536083282300,A-3360035 3 drops of acid used to preserve VOC sample,Outwash,Not applicable,Routine sample,4040,USGS parameter code 82398,Submersible pump,Submersible positive-pressure pump,Not Detected,Lead,Dissolved,,,,Accepted,,Actual,,,,,,,01049,,,,,,PLM43,USGS,"Metals, wf, ICP-MS",USGS OF 92-634,"USGS-National Water Quality Lab, Denver, CO",2010-12-22,,Long Term Method Detection Level,0.015,ug/l,,NWIS
USGS-MI,USGS Michigan Water Science Center,nwismi.01.01601063,Sample-Routine,Water,Groundwater,2016-08-17,13:00:00,EST,,,,35,feet,,,,,,National Water Quality Assessment Program (NAWQA),U.S. Geological Survey,USGS-424536083282300,,,Not applicable,Not applicable,4047,USGS parameter code 82398,Submersible gear pump,Submersible gear pump,,Chloride,Dissolved,114,mg/l,,Preliminary,,Actual,,,,,,,00940,,,,,,IC022,USGS,"Anions, wf, IC","Standard Methods (22d ed), 2012, p 4-5 - 4-7","USGS-National Water Quality Lab, Denver, CO",2016-08-26,sample was diluted,,,,,NWIS
USGS-MI,USGS Michigan Water Science Center,nwismi.01.01601063,Sample-Routine,Water,Groundwater,2016-08-17,13:00:00,EST,,,,35,feet,,,,,,National Water Quality Assessment Program (NAWQA),U.S. Geological Survey,USGS-424536083282300,,,Not applicable,Not applicable,4047,USGS parameter code 82398,Submersible gear pump,Submersible gear pump,,Lead,Dissolved,0.030,ug/l,,Preliminary,,Actual,,,,,,,01049,,,,,,PLM43,USGS,"Metals, wf, ICP-MS",USGS OF 92-634,"USGS-National Water Quality Lab, Denver, CO",2016-10-19,below the reporting level but at or above the detection level,,,,,NWIS
USGS-MI,USGS Michigan Water Science Center,nwismi.01.01601066,Sample-Routine,Water,Groundwater,2016-08-17,09:00:00,EDT,,,,,,,,,,,National Water Quality Assessment Program (NAWQA),U.S. Geological Survey,USGS-424536083282301,L-2310053 Samples were received chilled at the WHOI lab.  Samples were received unchilled at the WHOI lab. Samples were received chilled at the WHOI lab.,,Not applicable,Not applicable,4040,USGS parameter code 82398,Submersible pump,Submersible centrifugal pump,,Chloride,Dissolved,6.41,mg/l,,Preliminary,,Actual,,,,,,,00940,,,,,,IC022,USGS,"Anions, wf, IC","Standard Methods (22d ed), 2012, p 4-5 - 4-7","USGS-National Water Quality Lab, Denver, CO",2016-08-26,,,,,,NWIS
USGS-MI,USGS Michigan Water Science Center,nwismi.01.01601066,Sample-Routine,Water,Groundwater,2016-08-17,09:00:00,EDT,,,,,,,,,,,National Water Quality Assessment Program (NAWQA),U.S. Geological Survey,USGS-424536083282301,L-2310053 Samples were received chilled at the WHOI lab.  Samples were received unchilled at the WHOI lab. Samples were received chilled at the WHOI lab.,,Not applicable,Not applicable,4040,USGS parameter code 82398,Submersible pump,Submersible centrifugal pump,Not Detected,Lead,Dissolved,,,,Preliminary,,Actual,,,,,,,01049,,,,,,PLM43,USGS,"Metals, wf, ICP-MS",USGS OF 92-634,"USGS-National Water Quality Lab, Denver, CO",2016-10-19,,,,,,NWIS
USGS-MI,USGS Michigan Water Science Center,nwismi.01.01100068,Sample-Routine,Water,Groundwater,2010-12-01,13:00:00,EST,,,,11.00,feet,,,,,,National Water Quality Assessment Program (NAWQA),U.S. Geological Survey,USGS-424614083175300,A-3360034 4 drops of acid used to preserve VOC sample,Outwash,Not applicable,Routine sample,4040,USGS parameter code 82398,Submersible pump,Submersible positive-pressure pump,,Chloride,Dissolved,18.3,mg/l,,Accepted,,Actual,,,,,,,00940,,,,,,IC022,USGS,"Anions, wf, IC","Standard Methods (22d ed), 2012, p 4-5 - 4-7","USGS-National Water Quality Lab, Denver, CO",2010-12-09,,Long Term Method Detection Level,0.06,mg/l,,NWIS
USGS-MI,USGS Michigan Water Science Center,nwismi.01.01100068,Sample-Routine,Water,Groundwater,2010-12-01,13:00:00,EST,,,,11.00,feet,,,,,,National Water Quality Assessment Program (NAWQA),U.S. Geological Survey,USGS-424614083175300,A-3360034 4 drops of acid used to preserve VOC sample,Outwash,Not applicable,Routine sample,4040,USGS parameter code 82398,Submersible pump,Submersible positive-pressure pump,Not Detected,Lead,Dissolved,,,,Accepted,,Actual,,,,,,,01049,,,,,,PLM43,USGS,"Metals, wf, ICP-MS",USGS OF 92-634,"USGS-National Water Quality Lab, Denver, CO",2010-12-21,,Long Term Method Detection Level,0.015,ug/l,,NWIS
USGS-MI,USGS Michigan Water Science Center,nwismi.01.01601034,Sample-Routine,Water,Groundwater,2016-09-07,14:00:00,EST,,,,,,,,,,,National Water Quality Assessment Program (NAWQA),U.S. Geological Survey,USGS-424614083175300,L-2520144 Samples were received chilled at the WHOI lab.,,Not applicable,Not applicable,4047,USGS parameter code 82398,Submersible gear pump,Submersible gear pump,,Chloride,Dissolved,7.32,mg/l,,Preliminary,,Actual,,,,,,,00940,,,,,,IC022,USGS,"Anions, wf, IC","Standard Methods (22d ed), 2012, p 4-5 - 4-7","USGS-National Water Quality Lab, Denver, CO",2016-09-15,,,,,,NWIS
USGS-MI,USGS Michigan Water Science Center,nwismi.01.01601034,Sample-Routine,Water,Groundwater,2016-09-07,14:00:00,EST,,,,,,,,,,,National Water Quality Assessment Program (NAWQA),U.S. Geological Survey,USGS-424614083175300,L-2520144 Samples were received chilled at the WHOI lab.,,Not applicable,Not applicable,4047,USGS parameter code 82398,Submersible gear pump,Submersible gear pump,,Lead,Dissolved,0.020,ug/l,,Preliminary,,Actual,,,,,,,01049,,,,,,PLM43,USGS,"Metals, wf, ICP-MS",USGS OF 92-634,"USGS-National Water Quality Lab, Denver, CO",2016-12-07,below the reporting level but at or above the detection level,,,,,NWIS
USGS-MI,USGS Michigan Water Science Center,nwismi.01.01601041,Sample-Routine,Water,Groundwater,2016-09-07,11:00:00,EST,,,,,,,,,,,National Water Quality Assessment Program (NAWQA),U.S. Geological Survey,USGS-424648083221701,L-2739616 Samples were received chilled at the WHOI lab.,,Not applicable,Not applicable,4047,USGS parameter code 82398,Submersible gear pump,Submersible gear pump,,Lead,Dissolved,0.020,ug/l,,Preliminary,,Actual,,,,,,,01049,,,,,,PLM43,USGS,"Metals, wf, ICP-MS",USGS OF 92-634,"USGS-National Water Quality Lab, Denver, CO",2016-12-08,below the reporting level but at or above the detection level,,,,,NWIS
USGS-MI,USGS Michigan Water Science Center,nwismi.01.01601041,Sample-Routine,Water,Groundwater,2016-09-07,11:00:00,EST,,,,,,,,,,,National Water Quality Assessment Program (NAWQA),U.S. Geological Survey,USGS-424648083221701,L-2739616 Samples were received chilled at the WHOI lab.,,Not applicable,Not applicable,4047,USGS parameter code 82398,Submersible gear pump,Submersible gear pump,,Chloride,Dissolved,127,mg/l,,Preliminary,,Actual,,,,,,,00940,,,,,,IC022,USGS,"Anions, wf, IC","Standard Methods (22d ed), 2012, p 4-5 - 4-7","USGS-National Water Quality Lab, Denver, CO",2016-09-15,sample was diluted,,,,,NWIS
USGS-MI,USGS Michigan Water Science Center,nwismi.01.01601163,Sample-Routine,Water,Groundwater,2016-09-12,10:00:00,EDT,,,,,,,,,,,National Water Quality Assessment Program (NAWQA),U.S. Geological Survey,USGS-424658083270600,L-2739621 Samples were received chilled at the WHOI lab.,,Not applicable,Not applicable,4040,USGS parameter code 82398,Submersible pump,Submersible centrifugal pump,,Chloride,Dissolved,46.3,mg/l,,Preliminary,,Actual,,,,,,,00940,,,,,,IC022,USGS,"Anions, wf, IC","Standard Methods (22d ed), 2012, p 4-5 - 4-7","USGS-National Water Quality Lab, Denver, CO",2016-09-21,,,,,,NWIS
USGS-MI,USGS Michigan Water Science Center,nwismi.01.01601163,Sample-Routine,Water,Groundwater,2016-09-12,10:00:00,EDT,,,,,,,,,,,National Water Quality Assessment Program (NAWQA),U.S. Geological Survey,USGS-424658083270600,L-2739621 Samples were received chilled at the WHOI lab.,,Not applicable,Not applicable,4040,USGS parameter code 82398,Submersible pump,Submersible centrifugal pump,,Lead,Dissolved,0.040,ug/l,,Preliminary,,Actual,,,,,,,01049,,,,,,PLM43,USGS,"Metals, wf, ICP-MS",USGS OF 92-634,"USGS-National Water Quality Lab, Denver, CO",2016-12-09,,,,,,NWIS
USGS-MI,USGS Michigan Water Science Center,nwismi.01.01601004,Sample-Routine,Water,Groundwater,2016-08-17,14:00:00,EST,,,,13.3,feet,,,,,,National Water Quality Assessment Program (NAWQA),U.S. Geological Survey,USGS-424747083202900,L-2310052 Samples were received unchilled at the WHOI lab. Samples were received chilled at the WHOI lab.,,Not applicable,Not applicable,4047,USGS parameter code 82398,Submersible gear pump,Submersible gear pump,,Chloride,Dissolved,56.4,mg/l,,Preliminary,,Actual,,,,,,,00940,,,,,,IC022,USGS,"Anions, wf, IC","Standard Methods (22d ed), 2012, p 4-5 - 4-7","USGS-National Water Quality Lab, Denver, CO",2016-08-26,,,,,,NWIS
USGS-MI,USGS Michigan Water Science Center,nwismi.01.01601004,Sample-Routine,Water,Groundwater,2016-08-17,14:00:00,EST,,,,13.3,feet,,,,,,National Water Quality Assessment Program (NAWQA),U.S. Geological Survey,USGS-424747083202900,L-2310052 Samples were received unchilled at the WHOI lab. Samples were received chilled at the WHOI lab.,,Not applicable,Not applicable,4047,USGS parameter code 82398,Submersible gear pump,Submersible gear pump,Not Detected,Lead,Dissolved,,,,Preliminary,,Actual,,,,,,,01049,,,,,,PLM43,USGS,"Metals, wf, ICP-MS",USGS OF 92-634,"USGS-National Water Quality Lab, Denver, CO",2016-10-19,,,,,,NWIS
USGS-MI,USGS Michigan Water Science Center,nwismi.01.01601007,Sample-Routine,Water,Groundwater,2016-08-17,11:00:00,EST,,,,,,,,,,,National Water Quality Assessment Program (NAWQA),U.S. Geological Survey,USGS-424747083202901,L-2310051 Samples were received chilled at the WHOI lab.,,Not applicable,Not applicable,4040,USGS parameter code 82398,Submersible pump,Submersible centrifugal pump,,Chloride,Dissolved,2.81,mg/l,,Preliminary,,Actual,,,,,,,00940,,,,,,IC022,USGS,"Anions, wf, IC","Standard Methods (22d ed), 2012, p 4-5 - 4-7","USGS-National Water Quality Lab, Denver, CO",2016-08-26,,,,,,NWIS
USGS-MI,USGS Michigan Water Science Center,nwismi.01.01601007,Sample-Routine,Water,Groundwater,2016-08-17,11:00:00,EST,,,,,,,,,,,National Water Quality Assessment Program (NAWQA),U.S. Geological Survey,USGS-424747083202901,L-2310051 Samples were received chilled at the WHOI lab.,,Not applicable,Not applicable,4040,USGS parameter code 82398,Submersible pump,Submersible centrifugal pump,,Lead,Dissolved,0.140,ug/l,,Preliminary,,Actual,,,,,,,01049,,,,,,PLM43,USGS,"Metals, wf, ICP-MS",USGS OF 92-634,"USGS-National Water Quality Lab, Denver, CO",2016-10-18,,,,,,NWIS
USGS-MI,USGS Michigan Water Science Center,nwismi.01.01601142,Sample-Routine,Water,Groundwater,2016-09-14,10:00:00,EST,,,,,,,,,,,National Water Quality Assessment Program (NAWQA),U.S. Geological Survey,USGS-424819083222500,L-2739628 Samples were received chilled at the WHOI lab.,,Not applicable,Not applicable,4047,USGS parameter code 82398,Submersible gear pump,Submersible gear pump,,Lead,Dissolved,0.040,ug/l,,Preliminary,,Actual,,,,,,,01049,,,,,,PLM43,USGS,"Metals, wf, ICP-MS",USGS OF 92-634,"USGS-National Water Quality Lab, Denver, CO",2017-01-31,below the reporting level but at or above the detection levelsample was diluted,,,,,NWIS
USGS-MI,USGS Michigan Water Science Center,nwismi.01.01601142,Sample-Routine,Water,Groundwater,2016-09-14,10:00:00,EST,,,,,,,,,,,National Water Quality Assessment Program (NAWQA),U.S. Geological Survey,USGS-424819083222500,L-2739628 Samples were received chilled at the WHOI lab.,,Not applicable,Not applicable,4047,USGS parameter code 82398,Submersible gear pump,Submersible gear pump,,Chloride,Dissolved,453,mg/l,,Preliminary,,Actual,,,,,,,00940,,,,,,IC022,USGS,"Anions, wf, IC","Standard Methods (22d ed), 2012, p 4-5 - 4-7","USGS-National Water Quality Lab, Denver, CO",2016-09-22,sample was diluted,,,,,NWIS
USGS-MI,USGS Michigan Water Science Center,nwismi.01.01300988,Sample-Routine,Water,Groundwater,2013-09-03,10:00:00,EDT,,,,,,Below land-surface datum,93,feet,113,feet,National Water Quality Assessment Program (NAWQA),U.S. Geological Survey-Water Resources Discipline,USGS-424900083150001,"L-2480071 Btl type is FUS, paa Samples were received chilled at the WHOI lab.  Out of 72hr time frame per TAL    ASRs recvd late & entered 1/21/14, paa",Outwash,Not applicable,Not applicable,4045,USGS parameter code 82398,Submersible multiple impeller (turbine) pump,Line-shaft turbine pump,,Chloride,Dissolved,85.9,mg/l,,Accepted,,Actual,,,,,,,00940,,,,,,IC022,USGS,"Anions, wf, IC","Standard Methods (22d ed), 2012, p 4-5 - 4-7","USGS-National Water Quality Lab, Denver, CO",2013-11-28,sample was diluted,Long Term Method Detection Level,0.06,mg/l,,NWIS
USGS-MI,USGS Michigan Water Science Center,nwismi.01.01300988,Sample-Routine,Water,Groundwater,2013-09-03,10:00:00,EDT,,,,,,Below land-surface datum,93,feet,113,feet,National Water Quality Assessment Program (NAWQA),U.S. Geological Survey-Water Resources Discipline,USGS-424900083150001,"L-2480071 Btl type is FUS, paa Samples were received chilled at the WHOI lab.  Out of 72hr time frame per TAL    ASRs recvd late & entered 1/21/14, paa",Outwash,Not applicable,Not applicable,4045,USGS parameter code 82398,Submersible multiple impeller (turbine) pump,Line-shaft turbine pump,,Lead,Dissolved,0.059,ug/l,,Accepted,,Actual,,,,,,,01049,,,,,,PLM43,USGS,"Metals, wf, ICP-MS",USGS OF 92-634,"USGS-National Water Quality Lab, Denver, CO",2013-09-12,,Long Term Method Detection Level,0.025,ug/l,,NWIS
USGS-MI,USGS Michigan Water Science Center,nwismi.01.01601001,Sample-Routine,Water,Groundwater,2016-08-18,11:00:00,EST,,,,10.3,feet,,,,,,National Water Quality Assessment Program (NAWQA),U.S. Geological Survey,USGS-424905083212700,L-2320025 Samples were received chilled at the WHOI lab.,,Not applicable,Not applicable,4047,USGS parameter code 82398,Submersible gear pump,Submersible gear pump,,Chloride,Dissolved,3.16,mg/l,,Preliminary,,Actual,,,,,,,00940,,,,,,IC022,USGS,"Anions, wf, IC","Standard Methods (22d ed), 2012, p 4-5 - 4-7","USGS-National Water Quality Lab, Denver, CO",2016-08-30,,,,,,NWIS
USGS-MI,USGS Michigan Water Science Center,nwismi.01.01601001,Sample-Routine,Water,Groundwater,2016-08-18,11:00:00,EST,,,,10.3,feet,,,,,,National Water Quality Assessment Program (NAWQA),U.S. Geological Survey,USGS-424905083212700,L-2320025 Samples were received chilled at the WHOI lab.,,Not applicable,Not applicable,4047,USGS parameter code 82398,Submersible gear pump,Submersible gear pump,Not Detected,Lead,Dissolved,,,,Preliminary,,Actual,,,,,,,01049,,,,,,PLM43,USGS,"Metals, wf, ICP-MS",USGS OF 92-634,"USGS-National Water Quality Lab, Denver, CO",2016-10-19,,,,,,NWIS
USGS-MI,USGS Michigan Water Science Center,nwismi.01.01601060,Sample-Routine,Water,Groundwater,2016-08-18,10:00:00,EST,,,,,,,,,,,National Water Quality Assessment Program (NAWQA),U.S. Geological Survey,USGS-424905083212701,L-2320026 Samples were received chilled at the WHOI lab.,,Not applicable,Not applicable,4040,USGS parameter code 82398,Submersible pump,Submersible centrifugal pump,,Chloride,Dissolved,2.00,mg/l,,Preliminary,,Actual,,,,,,,00940,,,,,,IC022,USGS,"Anions, wf, IC","Standard Methods (22d ed), 2012, p 4-5 - 4-7","USGS-National Water Quality Lab, Denver, CO",2016-08-30,,,,,,NWIS
USGS-MI,USGS Michigan Water Science Center,nwismi.01.01601060,Sample-Routine,Water,Groundwater,2016-08-18,10:00:00,EST,,,,,,,,,,,National Water Quality Assessment Program (NAWQA),U.S. Geological Survey,USGS-424905083212701,L-2320026 Samples were received chilled at the WHOI lab.,,Not applicable,Not applicable,4040,USGS parameter code 82398,Submersible pump,Submersible centrifugal pump,,Lead,Dissolved,0.030,ug/l,,Preliminary,,Actual,,,,,,,01049,,,,,,PLM43,USGS,"Metals, wf, ICP-MS",USGS OF 92-634,"USGS-National Water Quality Lab, Denver, CO",2016-10-19,below the reporting level but at or above the detection level,,,,,NWIS
USGS-MI,USGS Michigan Water Science Center,nwismi.01.01100422,Sample-Routine,Water,Groundwater,2011-08-09,15:00:00,EDT,,,,150.00,feet,,,,,,National Water Quality Assessment Program (NAWQA),U.S. Geological Survey-Water Resources Discipline,USGS-425033083080900,"A-2230166 4 drops of acid used to preserve VOC sample L-2230166 proj acct corrected per runkle, paa, 8/16/11",Sand and Gravel,Not applicable,Routine sample,4040,USGS parameter code 82398,Submersible pump,Submersible positive-pressure pump,,Chloride,Dissolved,21.4,mg/l,,Accepted,,Actual,,,,,,,00940,,,,,,IC022,USGS,"Anions, wf, IC","Standard Methods (22d ed), 2012, p 4-5 - 4-7","USGS-National Water Quality Lab, Denver, CO",2011-09-15,,Long Term Method Detection Level,0.06,mg/l,,NWIS
USGS-MI,USGS Michigan Water Science Center,nwismi.01.01100422,Sample-Routine,Water,Groundwater,2011-08-09,15:00:00,EDT,,,,150.00,feet,,,,,,National Water Quality Assessment Program (NAWQA),U.S. Geological Survey-Water Resources Discipline,USGS-425033083080900,"A-2230166 4 drops of acid used to preserve VOC sample L-2230166 proj acct corrected per runkle, paa, 8/16/11",Sand and Gravel,Not applicable,Routine sample,4040,USGS parameter code 82398,Submersible pump,Submersible positive-pressure pump,,Lead,Dissolved,0.017,ug/l,,Accepted,,Actual,,,,,,,01049,,,,,,PLM43,USGS,"Metals, wf, ICP-MS",USGS OF 92-634,"USGS-National Water Quality Lab, Denver, CO",2011-08-30,below the reporting level but at or above the detection level,Long Term Method Detection Level,0.015,ug/l,,NWIS
USGS-MI,USGS Michigan Water Science Center,nwismi.01.01601158,Sample-Routine,Water,Groundwater,2016-09-12,16:00:00,EDT,,,,,,,,,,,National Water Quality Assessment Program (NAWQA),U.S. Geological Survey,USGS-425033083080900,L-2570041 Samples were received chilled at the WHOI lab.,,Not applicable,Not applicable,4040,USGS parameter code 82398,Submersible pump,Submersible centrifugal pump,,Chloride,Dissolved,26.5,mg/l,,Preliminary,,Actual,,,,,,Initial result and rerun result within acceptable precision. QC verified.,00940,,,,,,IC022,USGS,"Anions, wf, IC","Standard Methods (22d ed), 2012, p 4-5 - 4-7","USGS-National Water Quality Lab, Denver, CO",2017-02-03,"value verified by rerun, same methodsee result comment",,,,,NWIS
USGS-MI,USGS Michigan Water Science Center,nwismi.01.01601158,Sample-Routine,Water,Groundwater,2016-09-12,16:00:00,EDT,,,,,,,,,,,National Water Quality Assessment Program (NAWQA),U.S. Geological Survey,USGS-425033083080900,L-2570041 Samples were received chilled at the WHOI lab.,,Not applicable,Not applicable,4040,USGS parameter code 82398,Submersible pump,Submersible centrifugal pump,,Lead,Dissolved,0.070,ug/l,,Preliminary,,Actual,,,,,,,01049,,,,,,PLM43,USGS,"Metals, wf, ICP-MS",USGS OF 92-634,"USGS-National Water Quality Lab, Denver, CO",2016-12-13,,,,,,NWIS
21MICH_WQX,Michigan DEQ,21MICH_WQX-630288_5/29/2012,Sample-Routine,Water,,2012-05-29,10:00:00,EDT,,,,,,,,,,,WCMP,,21MICH_WQX-630288,,,,,MDEQ_SCP,MDEQQAPP,Surface Water Sample Collection QAPP,Van Dorn Bottle,,Chloride,Total,40,mg/l,,Final,,Actual,,,,,,,,,,,,,325.1,USEPA,Chloride by Colorimetric Analysis I,https://www.nemi.gov/methods/method_summary/5771/,,,,,,,,STORET
21MICH_WQX,Michigan DEQ,21MICH_WQX-630288_7/25/2012,Sample-Routine,Water,,2012-07-25,10:00:00,EDT,,,,,,,,,,,WCMP,,21MICH_WQX-630288,,,,,MDEQ_SCP,MDEQQAPP,Surface Water Sample Collection QAPP,Van Dorn Bottle,,Chloride,Total,50,mg/l,,Final,,Actual,,,,,,,,,,,,,325.1,USEPA,Chloride by Colorimetric Analysis I,https://www.nemi.gov/methods/method_summary/5771/,,,,,,,,STORET
21MICH_WQX,Michigan DEQ,21MICH_WQX-630288_9/13/2012,Sample-Routine,Water,,2012-09-13,10:00:00,EDT,,,,,,,,,,,WCMP,,21MICH_WQX-630288,,,,,MDEQ_SCP,MDEQQAPP,Surface Water Sample Collection QAPP,Van Dorn Bottle,,Chloride,Total,46,mg/l,,Final,,Actual,,,,,,,,,,,,,325.1,USEPA,Chloride by Colorimetric Analysis I,https://www.nemi.gov/methods/method_summary/5771/,,,,,,,,STORET
21MICH_WQX,Michigan DEQ,21MICH_WQX-630288_11/27/2012,Sample-Routine,Water,,2012-11-27,10:00:00,EDT,,,,,,,,,,,WCMP,,21MICH_WQX-630288,,,,,MDEQ_SCP,MDEQQAPP,Surface Water Sample Collection QAPP,Van Dorn Bottle,,Chloride,Total,44,mg/l,,Final,,Actual,,,,,,,,,,,,,325.1,USEPA,Chloride by Colorimetric Analysis I,https://www.nemi.gov/methods/method_summary/5771/,,,,,,,,STORET
21MICH_WQX,Michigan DEQ,21MICH_WQX-631036_4/7/2010,Sample-Routine,Water,,2010-04-07,10:00:00,EDT,,,,,,,,,,,WCMP,,21MICH_WQX-631036,,,,,MDEQ_SCP,MDEQQAPP,Surface Water Sample Collection QAPP,Van Dorn Bottle,,Chloride,Total,51,mg/l,,Final,,Actual,,,,,,,,,,,,,325.1,USEPA,Chloride by Colorimetric Analysis I,https://www.nemi.gov/methods/method_summary/5771/,,,,,,,,STORET
21MICH_WQX,Michigan DEQ,21MICH_WQX-631036_6/15/2010,Sample-Routine,Water,,2010-06-15,10:00:00,EDT,,,,,,,,,,,WCMP,,21MICH_WQX-631036,,,,,MDEQ_SCP,MDEQQAPP,Surface Water Sample Collection QAPP,Van Dorn Bottle,,Chloride,Total,55,mg/l,,Final,,Actual,,,,,,,,,,,,,325.1,USEPA,Chloride by Colorimetric Analysis I,https://www.nemi.gov/methods/method_summary/5771/,,,,,,,,STORET
21MICH_WQX,Michigan DEQ,21MICH_WQX-631036_8/12/2010,Sample-Routine,Water,,2010-08-12,10:00:00,EDT,,,,,,,,,,,WCMP,,21MICH_WQX-631036,,,,,MDEQ_SCP,MDEQQAPP,Surface Water Sample Collection QAPP,Van Dorn Bottle,,Chloride,Total,53,mg/l,,Final,,Actual,,,,,,,,,,,,,325.1,USEPA,Chloride by Colorimetric Analysis I,https://www.nemi.gov/methods/method_summary/5771/,,,,,,,,STORET
21MICH_WQX,Michigan DEQ,21MICH_WQX-631123_5/29/2012,Sample-Routine,Water,,2012-05-29,10:00:00,EDT,,,,,,,,,,,WCMP,,21MICH_WQX-631123,,,,,MDEQ_SCP,MDEQQAPP,Surface Water Sample Collection QAPP,Van Dorn Bottle,,Chloride,Total,65,mg/l,,Final,,Actual,,,,,,,,,,,,,325.1,USEPA,Chloride by Colorimetric Analysis I,https://www.nemi.gov/methods/method_summary/5771/,,,,,,,,STORET
21MICH_WQX,Michigan DEQ,21MICH_WQX-631123_7/25/2012,Sample-Routine,Water,,2012-07-25,10:00:00,EDT,,,,,,,,,,,WCMP,,21MICH_WQX-631123,,,,,MDEQ_SCP,MDEQQAPP,Surface Water Sample Collection QAPP,Van Dorn Bottle,,Chloride,Total,76,mg/l,,Final,,Actual,,,,,,,,,,,,,325.1,USEPA,Chloride by Colorimetric Analysis I,https://www.nemi.gov/methods/method_summary/5771/,,,,,,,,STORET
21MICH_WQX,Michigan DEQ,21MICH_WQX-631123_9/13/2012,Sample-Routine,Water,,2012-09-13,10:00:00,EDT,,,,,,,,,,,WCMP,,21MICH_WQX-631123,,,,,MDEQ_SCP,MDEQQAPP,Surface Water Sample Collection QAPP,Van Dorn Bottle,,Chloride,Total,79,mg/l,,Final,,Actual,,,,,,,,,,,,,325.1,USEPA,Chloride by Colorimetric Analysis I,https://www.nemi.gov/methods/method_summary/5771/,,,,,,,,STORET
21MICH_WQX,Michigan DEQ,21MICH_WQX-631123_11/27/2012,Sample-Routine,Water,,2012-11-27,10:00:00,EDT,,,,,,,,,,,WCMP,,21MICH_WQX-631123,,,,,MDEQ_SCP,MDEQQAPP,Surface Water Sample Collection QAPP,Van Dorn Bottle,,Chloride,Total,85,mg/l,,Final,,Actual,,,,,,,,,,,,,325.1,USEPA,Chloride by Colorimetric Analysis I,https://www.nemi.gov/methods/method_summary/5771/,,,,,,,,STORET
21MICH_WQX,Michigan DEQ,21MICH_WQX-631223_5/7/2013,Sample-Routine,Water,,2013-05-07,10:00:00,EDT,,,,,,,,,,,WCMP,,21MICH_WQX-631223,,,,,MDEQ_SCP,MDEQQAPP,Surface Water Sample Collection QAPP,Van Dorn Bottle,,Chloride,Total,81.99013,mg/l,,Final,,Actual,,,,,,,,,,,,,325.1,USEPA,Chloride by Colorimetric Analysis I,https://www.nemi.gov/methods/method_summary/5771/,,,,,,,,STORET
21MICH_WQX,Michigan DEQ,21MICH_WQX-631223_7/15/2013,Sample-Routine,Water,,2013-07-15,10:00:00,EDT,,,,,,,,,,,WCMP,,21MICH_WQX-631223,,,,,MDEQ_SCP,MDEQQAPP,Surface Water Sample Collection QAPP,Van Dorn Bottle,,Chloride,Total,65.24111,mg/l,,Final,,Actual,,,,,,,,,,,,,325.1,USEPA,Chloride by Colorimetric Analysis I,https://www.nemi.gov/methods/method_summary/5771/,,,,,,,,STORET
21MICH_WQX,Michigan DEQ,21MICH_WQX-631223_9/25/2013,Sample-Routine,Water,,2013-09-25,10:00:00,EDT,,,,,,,,,,,WCMP,,21MICH_WQX-631223,,,,,MDEQ_SCP,MDEQQAPP,Surface Water Sample Collection QAPP,Van Dorn Bottle,,Chloride,Total,64.89345,mg/l,,Final,,Actual,,,,,,,,,,,,,325.1,USEPA,Chloride by Colorimetric Analysis I,https://www.nemi.gov/methods/method_summary/5771/,,,,,,,,STORET
21MICH_WQX,Michigan DEQ,21MICH_WQX-631223_11/13/2013,Sample-Routine,Water,,2013-11-13,10:00:00,EDT,,,,,,,,,,,WCMP,,21MICH_WQX-631223,,,,,MDEQ_SCP,MDEQQAPP,Surface Water Sample Collection QAPP,Van Dorn Bottle,,Chloride,Total,78.54919,mg/l,,Final,,Actual,,,,,,,,,,,,,325.1,USEPA,Chloride by Colorimetric Analysis I,https://www.nemi.gov/methods/method_summary/5771/,,,,,,,,STORET
21MICH_WQX,Michigan DEQ,21MICH_WQX-631224_7/20/2010,Sample-Routine,Water,,2010-07-20,10:00:00,EDT,,,,,,,,,,,WCMP,,21MICH_WQX-631224,,,,,MDEQ_SCP,MDEQQAPP,Surface Water Sample Collection QAPP,Van Dorn Bottle,,Chloride,Total,82,mg/l,,Final,,Actual,,,,,,,,,,,,,325.1,USEPA,Chloride by Colorimetric Analysis I,https://www.nemi.gov/methods/method_summary/5771/,,,,,,,,STORET
21MICH_WQX,Michigan DEQ,21MICH_WQX-631224_9/2/2010,Sample-Routine,Water,,2010-09-02,10:00:00,EDT,,,,,,,,,,,WCMP,,21MICH_WQX-631224,,,,,MDEQ_SCP,MDEQQAPP,Surface Water Sample Collection QAPP,Van Dorn Bottle,,Chloride,Total,101,mg/l,,Final,,Actual,,,,,,,,,,,,,325.1,USEPA,Chloride by Colorimetric Analysis I,https://www.nemi.gov/methods/method_summary/5771/,,,,,,,,STORET
21MICH_WQX,Michigan DEQ,21MICH_WQX-631224_5/20/2014,Sample-Routine,Water,,2014-05-20,10:00:00,EDT,,,,,,,,,,,WCMP,,21MICH_WQX-631224,,,,,MDEQ_SCP,MDEQQAPP,Surface Water Sample Collection QAPP,Van Dorn Bottle,,Chloride,Total,110,mg/l,,Final,,Actual,,,,,,,,,,,,,325.2,USEPA,Chloride by Colorimetric Analysis II,https://www.nemi.gov/methods/method_summary/5765/,,,,,,,,STORET
21MICH_WQX,Michigan DEQ,21MICH_WQX-631224_7/22/2014,Sample-Routine,Water,,2014-07-22,10:00:00,EDT,,,,,,,,,,,WCMP,,21MICH_WQX-631224,,,,,MDEQ_SCP,MDEQQAPP,Surface Water Sample Collection QAPP,Van Dorn Bottle,,Chloride,Total,110,mg/l,,Final,,Actual,,,,,,,,,,,,,325.2,USEPA,Chloride by Colorimetric Analysis II,https://www.nemi.gov/methods/method_summary/5765/,,,,,,,,STORET
21MICH_WQX,Michigan DEQ,21MICH_WQX-631224_9/18/2014,Sample-Routine,Water,,2014-09-18,10:00:00,EDT,,,,,,,,,,,WCMP,,21MICH_WQX-631224,,,,,MDEQ_SCP,MDEQQAPP,Surface Water Sample Collection QAPP,Van Dorn Bottle,,Chloride,Total,180,mg/l,,Final,,Actual,,,,,,,,,,,,,325.2,USEPA,Chloride by Colorimetric Analysis II,https://www.nemi.gov/methods/method_summary/5765/,,,,,,,,STORET
21MICH_WQX,Michigan DEQ,21MICH_WQX-631224_11/18/2014,Sample-Routine,Water,,2014-11-18,10:00:00,EDT,,,,,,,,,,,WCMP,,21MICH_WQX-631224,,,,,MDEQ_SCP,MDEQQAPP,Surface Water Sample Collection QAPP,Van Dorn Bottle,,Chloride,Total,120,mg/l,,Final,,Actual,,,,,,,,,,,,,325.2,USEPA,Chloride by Colorimetric Analysis II,https://www.nemi.gov/methods/method_summary/5765/,,,,,,,,STORET
21MICH_WQX,Michigan DEQ,21MICH_WQX-631224_5/14/2015,Sample-Routine,Water,,2015-05-14,10:00:00,EDT,,,,,,,,,,,WCMP,,21MICH_WQX-631224,,,,,MDEQ_SCP,MDEQQAPP,Surface Water Sample Collection QAPP,Van Dorn Bottle,,Chloride,Total,100,mg/l,,Final,,Actual,,,,,,,,,,,,,325.2,USEPA,Chloride by Colorimetric Analysis II,https://www.nemi.gov/methods/method_summary/5765/,,,,,,,,STORET
21MICH_WQX,Michigan DEQ,21MICH_WQX-631224_7/8/2015,Sample-Routine,Water,,2015-07-08,10:00:00,EDT,,,,,,,,,,,WCMP,,21MICH_WQX-631224,,,,,MDEQ_SCP,MDEQQAPP,Surface Water Sample Collection QAPP,Van Dorn Bottle,,Chloride,Total,130,mg/l,,Final,,Actual,,,,,,,,,,,,,325.2,USEPA,Chloride by Colorimetric Analysis II,https://www.nemi.gov/methods/method_summary/5765/,,,,,,,,STORET
21MICH_WQX,Michigan DEQ,21MICH_WQX-631224_9/16/2015,Sample-Routine,Water,,2015-09-16,10:00:00,EDT,,,,,,,,,,,WCMP,,21MICH_WQX-631224,,,,,MDEQ_SCP,MDEQQAPP,Surface Water Sample Collection QAPP,Van Dorn Bottle,,Chloride,Total,110,mg/l,,Final,,Actual,,,,,,,,,,,,,325.2,USEPA,Chloride by Colorimetric Analysis II,https://www.nemi.gov/methods/method_summary/5765/,,,,,,,,STORET
21MICH_WQX,Michigan DEQ,21MICH_WQX-631224_11/11/2015,Sample-Routine,Water,,2015-11-11,10:00:00,EDT,,,,,,,,,,,WCMP,,21MICH_WQX-631224,,,,,MDEQ_SCP,MDEQQAPP,Surface Water Sample Collection QAPP,Van Dorn Bottle,,Chloride,Total,110,mg/l,,Final,,Actual,,,,,,,,,,,,,325.2,USEPA,Chloride by Colorimetric Analysis II,https://www.nemi.gov/methods/method_summary/5765/,,,,,,,,STORET
21MICH_WQX,Michigan DEQ,21MICH_WQX-631225_5/20/2014,Sample-Routine,Water,,2014-05-20,10:00:00,EDT,,,,,,,,,,,WCMP,,21MICH_WQX-631225,,,,,MDEQ_SCP,MDEQQAPP,Surface Water Sample Collection QAPP,Van Dorn Bottle,,Chloride,Total,110,mg/l,,Final,,Actual,,,,,,,,,,,,,325.2,USEPA,Chloride by Colorimetric Analysis II,https://www.nemi.gov/methods/method_summary/5765/,,,,,,,,STORET
21MICH_WQX,Michigan DEQ,21MICH_WQX-631225_7/22/2014,Sample-Routine,Water,,2014-07-22,10:00:00,EDT,,,,,,,,,,,WCMP,,21MICH_WQX-631225,,,,,MDEQ_SCP,MDEQQAPP,Surface Water Sample Collection QAPP,Van Dorn Bottle,,Chloride,Total,120,mg/l,,Final,,Actual,,,,,,,,,,,,,325.2,USEPA,Chloride by Colorimetric Analysis II,https://www.nemi.gov/methods/method_summary/5765/,,,,,,,,STORET
21MICH_WQX,Michigan DEQ,21MICH_WQX-631225_9/18/2014,Sample-Routine,Water,,2014-09-18,10:00:00,EDT,,,,,,,,,,,WCMP,,21MICH_WQX-631225,,,,,MDEQ_SCP,MDEQQAPP,Surface Water Sample Collection QAPP,Van Dorn Bottle,,Chloride,Total,120,mg/l,,Final,,Actual,,,,,,,,,,,,,325.2,USEPA,Chloride by Colorimetric Analysis II,https://www.nemi.gov/methods/method_summary/5765/,,,,,,,,STORET
21MICH_WQX,Michigan DEQ,21MICH_WQX-631225_11/18/2014,Sample-Routine,Water,,2014-11-18,10:00:00,EDT,,,,,,,,,,,WCMP,,21MICH_WQX-631225,,,,,MDEQ_SCP,MDEQQAPP,Surface Water Sample Collection QAPP,Van Dorn Bottle,,Chloride,Total,130,mg/l,,Final,,Actual,,,,,,,,,,,,,325.2,USEPA,Chloride by Colorimetric Analysis II,https://www.nemi.gov/methods/method_summary/5765/,,,,,,,,STORET
21MICH_WQX,Michigan DEQ,21MICH_WQX-631226_5/7/2013,Sample-Routine,Water,,2013-05-07,10:00:00,EDT,,,,,,,,,,,WCMP,,21MICH_WQX-631226,,,,,MDEQ_SCP,MDEQQAPP,Surface Water Sample Collection QAPP,Van Dorn Bottle,,Chloride,Total,76.9785,mg/l,,Final,,Actual,,,,,,,,,,,,,325.1,USEPA,Chloride by Colorimetric Analysis I,https://www.nemi.gov/methods/method_summary/5771/,,,,,,,,STORET
21MICH_WQX,Michigan DEQ,21MICH_WQX-631226_7/15/2013,Sample-Routine,Water,,2013-07-15,10:00:00,EDT,,,,,,,,,,,WCMP,,21MICH_WQX-631226,,,,,MDEQ_SCP,MDEQQAPP,Surface Water Sample Collection QAPP,Van Dorn Bottle,,Chloride,Total,75.21721,mg/l,,Final,,Actual,,,,,,,,,,,,,325.1,USEPA,Chloride by Colorimetric Analysis I,https://www.nemi.gov/methods/method_summary/5771/,,,,,,,,STORET
21MICH_WQX,Michigan DEQ,21MICH_WQX-631226_9/25/2013,Sample-Routine,Water,,2013-09-25,10:00:00,EDT,,,,,,,,,,,WCMP,,21MICH_WQX-631226,,,,,MDEQ_SCP,MDEQQAPP,Surface Water Sample Collection QAPP,Van Dorn Bottle,,Chloride,Total,80.45135,mg/l,,Final,,Actual,,,,,,,,,,,,,325.1,USEPA,Chloride by Colorimetric Analysis I,https://www.nemi.gov/methods/method_summary/5771/,,,,,,,,STORET
21MICH_WQX,Michigan DEQ,21MICH_WQX-631226_11/13/2013,Sample-Routine,Water,,2013-11-13,10:00:00,EDT,,,,,,,,,,,WCMP,,21MICH_WQX-631226,,,,,MDEQ_SCP,MDEQQAPP,Surface Water Sample Collection QAPP,Van Dorn Bottle,,Chloride,Total,104.1712,mg/l,,Final,,Actual,,,,,,,,,,,,,325.1,USEPA,Chloride by Colorimetric Analysis I,https://www.nemi.gov/methods/method_summary/5771/,,,,,,,,STORET
21MICH_WQX,Michigan DEQ,21MICH_WQX-631226_5/20/2014,Sample-Routine,Water,,2014-05-20,10:00:00,EDT,,,,,,,,,,,WCMP,,21MICH_WQX-631226,,,,,MDEQ_SCP,MDEQQAPP,Surface Water Sample Collection QAPP,Van Dorn Bottle,,Chloride,Total,59,mg/l,,Final,,Actual,,,,,,,,,,,,,325.2,USEPA,Chloride by Colorimetric Analysis II,https://www.nemi.gov/methods/method_summary/5765/,,,,,,,,STORET
21MICH_WQX,Michigan DEQ,21MICH_WQX-631226_7/22/2014,Sample-Routine,Water,,2014-07-22,10:00:00,EDT,,,,,,,,,,,WCMP,,21MICH_WQX-631226,,,,,MDEQ_SCP,MDEQQAPP,Surface Water Sample Collection QAPP,Van Dorn Bottle,,Chloride,Total,100,mg/l,,Final,,Actual,,,,,,,,,,,,,325.2,USEPA,Chloride by Colorimetric Analysis II,https://www.nemi.gov/methods/method_summary/5765/,,,,,,,,STORET
21MICH_WQX,Michigan DEQ,21MICH_WQX-631226_9/18/2014,Sample-Routine,Water,,2014-09-18,10:00:00,EDT,,,,,,,,,,,WCMP,,21MICH_WQX-631226,,,,,MDEQ_SCP,MDEQQAPP,Surface Water Sample Collection QAPP,Van Dorn Bottle,,Chloride,Total,60,mg/l,,Final,,Actual,,,,,,,,,,,,,325.2,USEPA,Chloride by Colorimetric Analysis II,https://www.nemi.gov/methods/method_summary/5765/,,,,,,,,STORET
21MICH_WQX,Michigan DEQ,21MICH_WQX-631226_11/18/2014,Sample-Routine,Water,,2014-11-18,10:00:00,EDT,,,,,,,,,,,WCMP,,21MICH_WQX-631226,,,,,MDEQ_SCP,MDEQQAPP,Surface Water Sample Collection QAPP,Van Dorn Bottle,,Chloride,Total,79,mg/l,,Final,,Actual,,,,,,,,,,,,,325.2,USEPA,Chloride by Colorimetric Analysis II,https://www.nemi.gov/methods/method_summary/5765/,,,,,,,,STORET