OrganizationIdentifier,OrganizationFormalName,ActivityIdentifier,ActivityTypeCode,ActivityMediaName,ActivityMediaSubdivisionName,ActivityStartDate,ActivityStartTime/Time,ActivityStartTime/TimeZoneCode,ActivityEndDate,ActivityEndTime/Time,ActivityEndTime/TimeZoneCode,ActivityDepthHeightMeasure/MeasureValue,ActivityDepthHeightMeasure/MeasureUnitCode,ActivityDepthAltitudeReferencePointText,ActivityTopDepthHeightMeasure/MeasureValue,ActivityTopDepthHeightMeasure/MeasureUnitCode,ActivityBottomDepthHeightMeasure/MeasureValue,ActivityBottomDepthHeightMeasure/MeasureUnitCode,ProjectIdentifier,ActivityConductingOrganizationText,MonitoringLocationIdentifier,ActivityCommentText,SampleAquifer,HydrologicCondition,HydrologicEvent,SampleCollectionMethod/MethodIdentifier,SampleCollectionMethod/MethodIdentifierContext,SampleCollectionMethod/MethodName,SampleCollectionEquipmentName,ResultDetectionConditionText,CharacteristicName,ResultSampleFractionText,ResultMeasureValue,ResultMeasure/MeasureUnitCode,MeasureQualifierCode,ResultStatusIdentifier,StatisticalBaseCode,ResultValueTypeName,ResultWeightBasisText,ResultTimeBasisText,ResultTemperatureBasisText,ResultParticleSizeBasisText,PrecisionValue,ResultCommentText,USGSPCode,ResultDepthHeightMeasure/MeasureValue,ResultDepthHeightMeasure/MeasureUnitCode,ResultDepthAltitudeReferencePointText,SubjectTaxonomicName,SampleTissueAnatomyName,ResultAnalyticalMethod/MethodIdentifier,ResultAnalyticalMethod/MethodIdentifierContext,ResultAnalyticalMethod/MethodName,MethodDescriptionText,LaboratoryName,AnalysisStartDate,ResultLaboratoryCommentText,DetectionQuantitationLimitTypeName,DetectionQuantitationLimitMeasure/MeasureValue,DetectionQuantitationLimitMeasure/MeasureUnitCode,PreparationStartDate,ProviderName
21KY_WQX,Kentucky KY Division Of Water,21KY_WQX-201015840,Sample-Routine,Water,,2010-01-20,,,,,,1,ft,,,,,,2010_KY AMB,,21KY_WQX-PRI033,,,,,Grab-1,KY DOW,Grab sample,Water Bottle,Not Detected,Lead,Total,,,,Final,,Actual,,,,,,,,,,,,,200.8,USEPA,Metals in Waters by ICP/MS,https://www.nemi.gov/methods/method_summary/4665/,,,,Method Detection Level,0.2,ug/l,,STORET
21KY_WQX,Kentucky KY Division Of Water,21KY_WQX-201020471,Sample-Routine,Water,,2010-01-20,,,,,,1,ft,,,,,,2010_KY AMB,,21KY_WQX-PRI033,,,,,Grab-1,KY DOW,Grab sample,Water Bottle,,Chloride,Total,5.86,mg/l,,Final,,Actual,,,,,,,,,,,,,4500-CL-(D),APHA,4500 CL- D  ~ Chloride in Water by Potentiometry,https://www.nemi.gov/methods/method_summary/9717/,,,,,,,,STORET
21KY_WQX,Kentucky KY Division Of Water,21KY_WQX-201050393,Sample-Routine,Water,,2010-01-20,,,,,,1,ft,,,,,,2010_KY AMB,,21KY_WQX-PRI033,,,,,Grab-1,KY DOW,Grab sample,Water Bottle,,Mercury,Total,0.572,ng/l,,Final,,Actual,,,,,,,,,,,,,245.1,USEPA,Mercury in Water by CVAA,https://www.nemi.gov/methods/method_summary/4821/,,,,,,,,STORET
21KY_WQX,Kentucky KY Division Of Water,21KY_WQX-900601,Sample-Routine,Water,,2010-01-20,,,,,,1,ft,,,,,,2009 KY_AMB,,21KY_WQX-PRI033,,,,,Grab-1,KY DOW,Grab sample,Water Bottle,,Chloride,Total,5.86,mg/l,,Final,,Actual,,,,,,,,,,,,,4500-CL-(D),APHA,4500 CL- D  ~ Chloride in Water by Potentiometry,https://www.nemi.gov/methods/method_summary/9717/,,,,,,,,STORET
21KY_WQX,Kentucky KY Division Of Water,21KY_WQX-912598,Sample-Routine,Water,,2010-01-20,,,,,,1,ft,,,,,,2009 KY_AMB,,21KY_WQX-PRI033,,,,,Grab-1,KY DOW,Grab sample,Water Bottle,,Lead,Total,0.343,ug/l,,Final,,Actual,,,,,,,,,,,,,200.8,USEPA,Metals in Waters by ICP/MS,https://www.nemi.gov/methods/method_summary/4665/,,,,,,,,STORET
21KY_WQX,Kentucky KY Division Of Water,21KY_WQX-915607,Sample-Routine,Water,,2010-01-20,,,,,,1,ft,,,,,,2009 KY_AMB,,21KY_WQX-PRI033,,,,,Grab-1,KY DOW,Grab sample,Water Bottle,,Mercury,Total,0.572,ng/l,,Final,,Actual,,,,,,,,,,,,,1631,USEPA,"Mercury in Water by Oxidation, Purge and Trap, and CVAFS",https://www.nemi.gov/methods/method_summary/9628/,,,,,,,,STORET
21KY_WQX,Kentucky KY Division Of Water,21KY_WQX-201015841,Sample-Routine,Water,,2010-03-10,,,,,,1,ft,,,,,,2010_KY AMB,,21KY_WQX-PRI033,,,,,Grab-1,KY DOW,Grab sample,Water Bottle,Not Detected,Lead,Total,,,,Final,,Actual,,,,,,,,,,,,,200.8,USEPA,Metals in Waters by ICP/MS,https://www.nemi.gov/methods/method_summary/4665/,,,,Method Detection Level,0.2,ug/l,,STORET
21KY_WQX,Kentucky KY Division Of Water,21KY_WQX-201020472,Sample-Routine,Water,,2010-03-10,,,,,,1,ft,,,,,,2010_KY AMB,,21KY_WQX-PRI033,,,,,Grab-1,KY DOW,Grab sample,Water Bottle,,Chloride,Total,7.10,mg/l,,Final,,Actual,,,,,,,,,,,,,4500-CL-(D),APHA,4500 CL- D  ~ Chloride in Water by Potentiometry,https://www.nemi.gov/methods/method_summary/9717/,,,,,,,,STORET
21KY_WQX,Kentucky KY Division Of Water,21KY_WQX-201050394,Sample-Routine,Water,,2010-03-10,,,,,,1,ft,,,,,,2010_KY AMB,,21KY_WQX-PRI033,,,,,Grab-1,KY DOW,Grab sample,Water Bottle,Not Detected,Mercury,Total,,,,Final,,Actual,,,,,,,,,,,,,245.1,USEPA,Mercury in Water by CVAA,https://www.nemi.gov/methods/method_summary/4821/,,,,Method Detection Level,0.5,ng/l,,STORET
21KY_WQX,Kentucky KY Division Of Water,21KY_WQX-900602,Sample-Routine,Water,,2010-03-10,,,,,,1,ft,,,,,,2009 KY_AMB,,21KY_WQX-PRI033,,,,,Grab-1,KY DOW,Grab sample,Water Bottle,,Chloride,Total,7.10,mg/l,,Final,,Actual,,,,,,,,,,,,,4500-CL-(D),APHA,4500 CL- D  ~ Chloride in Water by Potentiometry,https://www.nemi.gov/methods/method_summary/9717/,,,,,,,,STORET
21KY_WQX,Kentucky KY Division Of Water,21KY_WQX-912599,Sample-Routine,Water,,2010-03-10,,,,,,1,ft,,,,,,2009 KY_AMB,,21KY_WQX-PRI033,,,,,Grab-1,KY DOW,Grab sample,Water Bottle,Not Detected,Lead,Total,,,,Final,,Actual,,,,,,,,,,,,,200.8,USEPA,Metals in Waters by ICP/MS,https://www.nemi.gov/methods/method_summary/4665/,,,,Method Detection Level,0.2,ug/l,,STORET
21KY_WQX,Kentucky KY Division Of Water,21KY_WQX-915608,Sample-Routine,Water,,2010-03-10,,,,,,1,ft,,,,,,2009 KY_AMB,,21KY_WQX-PRI033,,,,,Grab-1,KY DOW,Grab sample,Water Bottle,Not Detected,Mercury,Total,,,,Final,,Actual,,,,,,,,,,,,,1631,USEPA,"Mercury in Water by Oxidation, Purge and Trap, and CVAFS",https://www.nemi.gov/methods/method_summary/9628/,,,,Method Detection Level,0.2,ng/l,,STORET
21KY_WQX,Kentucky KY Division Of Water,21KY_WQX-201015842,Sample-Routine,Water,,2010-05-19,,,,,,1,ft,,,,,,2010_KY AMB,,21KY_WQX-PRI033,,,,,Grab-1,KY DOW,Grab sample,Water Bottle,Not Detected,Lead,Total,,,,Final,,Actual,,,,,,,,,,,,,200.8,USEPA,Metals in Waters by ICP/MS,https://www.nemi.gov/methods/method_summary/4665/,,,,Method Detection Level,0.2,ug/l,,STORET
21KY_WQX,Kentucky KY Division Of Water,21KY_WQX-201020473,Sample-Routine,Water,,2010-05-19,,,,,,1,ft,,,,,,2010_KY AMB,,21KY_WQX-PRI033,,,,,Grab-1,KY DOW,Grab sample,Water Bottle,,Chloride,Total,6.36,mg/l,,Final,,Actual,,,,,,,,,,,,,4500-CL-(D),APHA,4500 CL- D  ~ Chloride in Water by Potentiometry,https://www.nemi.gov/methods/method_summary/9717/,,,,,,,,STORET
21KY_WQX,Kentucky KY Division Of Water,21KY_WQX-201050395,Sample-Routine,Water,,2010-05-19,,,,,,1,ft,,,,,,2010_KY AMB,,21KY_WQX-PRI033,,,,,Grab-1,KY DOW,Grab sample,Water Bottle,,Mercury,Total,0.611,ng/l,,Final,,Actual,,,,,,,,,,,,,245.1,USEPA,Mercury in Water by CVAA,https://www.nemi.gov/methods/method_summary/4821/,,,,,,,,STORET
21KY_WQX,Kentucky KY Division Of Water,21KY_WQX-201016008,Sample-Routine,Water,,2010-07-19,,,,,,1,ft,,,,,,2010_KY AMB,,21KY_WQX-PRI033,,,,,Grab-1,KY DOW,Grab sample,Water Bottle,Not Detected,Lead,Total,,,,Final,,Actual,,,,,,,,,,,,,200.8,USEPA,Metals in Waters by ICP/MS,https://www.nemi.gov/methods/method_summary/4665/,,,,Method Detection Level,0.2,ug/l,,STORET
21KY_WQX,Kentucky KY Division Of Water,21KY_WQX-201020294,Sample-Routine,Water,,2010-07-19,,,,,,1,ft,,,,,,2010_KY AMB,,21KY_WQX-PRI033,,,,,Grab-1,KY DOW,Grab sample,Water Bottle,,Chloride,Total,22.2,mg/l,,Final,,Actual,,,,,,,,,,,,,4500-CL-(D),APHA,4500 CL- D  ~ Chloride in Water by Potentiometry,https://www.nemi.gov/methods/method_summary/9717/,,,,,,,,STORET
21KY_WQX,Kentucky KY Division Of Water,21KY_WQX-201050210,Sample-Routine,Water,,2010-07-19,,,,,,1,ft,,,,,,2010_KY AMB,,21KY_WQX-PRI033,,,,,Grab-1,KY DOW,Grab sample,Water Bottle,Not Detected,Mercury,Total,,,,Final,,Actual,,,,,,,,,,,,,245.1,USEPA,Mercury in Water by CVAA,https://www.nemi.gov/methods/method_summary/4821/,,,,Method Detection Level,0.5,ng/l,,STORET
21KY_WQX,Kentucky KY Division Of Water,21KY_WQX-201016059,Sample-Routine,Water,,2010-09-13,,,,,,1,ft,,,,,,2010_KY AMB,,21KY_WQX-PRI033,,,,,Grab-1,KY DOW,Grab sample,Water Bottle,Not Detected,Lead,Total,,,,Final,,Actual,,,,,,,,,,,,,200.8,USEPA,Metals in Waters by ICP/MS,https://www.nemi.gov/methods/method_summary/4665/,,,,Method Detection Level,0.2,ug/l,,STORET
21KY_WQX,Kentucky KY Division Of Water,21KY_WQX-201020345,Sample-Routine,Water,,2010-09-13,,,,,,1,ft,,,,,,2010_KY AMB,,21KY_WQX-PRI033,,,,,Grab-1,KY DOW,Grab sample,Water Bottle,,Chloride,Total,15.8,mg/l,,Final,,Actual,,,,,,,,,,,,,4500-CL-(D),APHA,4500 CL- D  ~ Chloride in Water by Potentiometry,https://www.nemi.gov/methods/method_summary/9717/,,,,,,,,STORET
21KY_WQX,Kentucky KY Division Of Water,21KY_WQX-201050261,Sample-Routine,Water,,2010-09-13,,,,,,1,ft,,,,,,2010_KY AMB,,21KY_WQX-PRI033,,,,,Grab-1,KY DOW,Grab sample,Water Bottle,,Mercury,Total,1.78,ng/l,,Final,,Actual,,,,,,,,,,,,,245.1,USEPA,Mercury in Water by CVAA,https://www.nemi.gov/methods/method_summary/4821/,,,,,,,,STORET
21KY_WQX,Kentucky KY Division Of Water,21KY_WQX-201016125,Sample-Routine,Water,,2010-11-18,,,,,,1,ft,,,,,,2010_KY AMB,,21KY_WQX-PRI033,,,,,Grab-1,KY DOW,Grab sample,Water Bottle,,Lead,Total,0.777,ug/l,,Final,,Actual,,,,,,,,,,,,,200.8,USEPA,Metals in Waters by ICP/MS,https://www.nemi.gov/methods/method_summary/4665/,,,,,,,,STORET
21KY_WQX,Kentucky KY Division Of Water,21KY_WQX-201020411,Sample-Routine,Water,,2010-11-18,,,,,,1,ft,,,,,,2010_KY AMB,,21KY_WQX-PRI033,,,,,Grab-1,KY DOW,Grab sample,Water Bottle,,Chloride,Total,13.6,mg/l,,Final,,Actual,,,,,,,,,,,,,4500-CL-(D),APHA,4500 CL- D  ~ Chloride in Water by Potentiometry,https://www.nemi.gov/methods/method_summary/9717/,,,,,,,,STORET
21KY_WQX,Kentucky KY Division Of Water,21KY_WQX-201050327,Sample-Routine,Water,,2010-11-18,,,,,,1,ft,,,,,,2010_KY AMB,,21KY_WQX-PRI033,,,,,Grab-1,KY DOW,Grab sample,Water Bottle,,Mercury,Total,0.594,ng/l,,Final,,Actual,,,,,,,,,,,,,245.1,USEPA,Mercury in Water by CVAA,https://www.nemi.gov/methods/method_summary/4821/,,,,,,,,STORET
21KY_WQX,Kentucky KY Division Of Water,21KY_WQX-201015758,Sample-Routine,Water,,2011-01-18,,,,,,1,ft,,,,,,2010_KY AMB,,21KY_WQX-PRI033,,,,,Grab-1,KY DOW,Grab sample,Water Bottle,Not Detected,Lead,Total,,,,Final,,Actual,,,,,,,,,,,,,200.8,USEPA,Metals in Waters by ICP/MS,https://www.nemi.gov/methods/method_summary/4665/,,,,Method Detection Level,0.2,ug/l,,STORET
21KY_WQX,Kentucky KY Division Of Water,21KY_WQX-201020221,Sample-Routine,Water,,2011-01-18,,,,,,1,ft,,,,,,2010_KY AMB,,21KY_WQX-PRI033,,,,,Grab-1,KY DOW,Grab sample,Water Bottle,,Chloride,Total,10.4,mg/l,,Final,,Actual,,,,,,,,,,,,,4500-CL-(D),APHA,4500 CL- D  ~ Chloride in Water by Potentiometry,https://www.nemi.gov/methods/method_summary/9717/,,,,,,,,STORET
21KY_WQX,Kentucky KY Division Of Water,21KY_WQX-201050136,Sample-Routine,Water,,2011-01-18,,,,,,1,ft,,,,,,2010_KY AMB,,21KY_WQX-PRI033,,,,,Grab-1,KY DOW,Grab sample,Water Bottle,,Mercury,Total,0.514,ng/l,,Final,,Actual,,,,,,,,,,,,,245.1,USEPA,Mercury in Water by CVAA,https://www.nemi.gov/methods/method_summary/4821/,,,,,,,,STORET
21KY_WQX,Kentucky KY Division Of Water,21KY_WQX-20110007417,Sample-Routine,Water,,2011-01-18,,,,,EDT,1,ft,,,,,,2011 KY AMB,,21KY_WQX-PRI033,,,,,Grab-1,KY DOW,Grab sample,Water Bottle,,Mercury,Total,0.514,ng/l,,Final,,Actual,,,,,,,,,,,,,1631,USEPA,"Mercury in Water by Oxidation, Purge and Trap, and CVAFS",https://www.nemi.gov/methods/method_summary/9628/,,,,,,,,STORET
21KY_WQX,Kentucky KY Division Of Water,21KY_WQX-20110010547,Sample-Routine,Water,,2011-01-18,,,,,EDT,1,ft,,,,,,2011 KY AMB,,21KY_WQX-PRI033,,,,,Grab-1,KY DOW,Grab sample,Water Bottle,Not Detected,Lead,Total,,,,Final,,Actual,,,,,,,,,,,,,200.8,USEPA,Metals in Waters by ICP/MS,https://www.nemi.gov/methods/method_summary/4665/,,,,Method Detection Level,0.2,ug/l,,STORET
21KY_WQX,Kentucky KY Division Of Water,21KY_WQX-20110015586,Sample-Routine,Water,,2011-01-18,,,,,EDT,1,ft,,,,,,2011 KY AMB,,21KY_WQX-PRI033,,,,,Grab-1,KY DOW,Grab sample,Water Bottle,,Chloride,Total,10.4,mg/l,,Final,,Actual,,,,,,,,,,,,,4500-CL-(D),APHA,4500 CL- D  ~ Chloride in Water by Potentiometry,https://www.nemi.gov/methods/method_summary/9717/,,,,,,,,STORET
21KY_WQX,Kentucky KY Division Of Water,21KY_WQX-20110024442,Sample-Routine,Water,,2011-01-18,,,,,EDT,1,ft,,,,,,2011 KY AMB,,21KY_WQX-PRI033,,,,,Grab-1,KY DOW,Grab sample,Water Bottle,,Mercury,Total,0.514,ng/l,,Final,,Actual,,,,,,,,,,,,,1631,USEPA,"Mercury in Water by Oxidation, Purge and Trap, and CVAFS",https://www.nemi.gov/methods/method_summary/9628/,,,,,,,,STORET
21KY_WQX,Kentucky KY Division Of Water,21KY_WQX-201015804,Sample-Routine,Water,,2011-03-20,,,,,,1,ft,,,,,,2010_KY AMB,,21KY_WQX-PRI033,,,,,Grab-1,KY DOW,Grab sample,Water Bottle,Not Detected,Lead,Total,,,,Final,,Actual,,,,,,,,,,,,,200.8,USEPA,Metals in Waters by ICP/MS,https://www.nemi.gov/methods/method_summary/4665/,,,,Method Detection Level,0.2,ug/l,,STORET
21KY_WQX,Kentucky KY Division Of Water,21KY_WQX-201020267,Sample-Routine,Water,,2011-03-20,,,,,,1,ft,,,,,,2010_KY AMB,,21KY_WQX-PRI033,,,,,Grab-1,KY DOW,Grab sample,Water Bottle,,Chloride,Total,5.96,mg/l,,Final,,Actual,,,,,,,,,,,,,4500-CL-(D),APHA,4500 CL- D  ~ Chloride in Water by Potentiometry,https://www.nemi.gov/methods/method_summary/9717/,,,,,,,,STORET
21KY_WQX,Kentucky KY Division Of Water,21KY_WQX-201050183,Sample-Routine,Water,,2011-03-20,,,,,,1,ft,,,,,,2010_KY AMB,,21KY_WQX-PRI033,,,,,Grab-1,KY DOW,Grab sample,Water Bottle,,Mercury,Total,0.667,ng/l,,Final,,Actual,,,,,,,,,,,,,245.1,USEPA,Mercury in Water by CVAA,https://www.nemi.gov/methods/method_summary/4821/,,,,,,,,STORET
21KY_WQX,Kentucky KY Division Of Water,21KY_WQX-20110007409,Sample-Routine,Water,,2011-03-20,,,,,EDT,1,ft,,,,,,2011 KY AMB,,21KY_WQX-PRI033,,,,,Grab-1,KY DOW,Grab sample,Water Bottle,,Mercury,Total,0.667,ng/l,,Final,,Actual,,,,,,,,,,,,,1631,USEPA,"Mercury in Water by Oxidation, Purge and Trap, and CVAFS",https://www.nemi.gov/methods/method_summary/9628/,,,,,,,,STORET
21KY_WQX,Kentucky KY Division Of Water,21KY_WQX-20110010539,Sample-Routine,Water,,2011-03-20,,,,,EDT,1,ft,,,,,,2011 KY AMB,,21KY_WQX-PRI033,,,,,Grab-1,KY DOW,Grab sample,Water Bottle,Not Detected,Lead,Total,,,,Final,,Actual,,,,,,,,,,,,,200.8,USEPA,Metals in Waters by ICP/MS,https://www.nemi.gov/methods/method_summary/4665/,,,,Method Detection Level,0.2,ug/l,,STORET
21KY_WQX,Kentucky KY Division Of Water,21KY_WQX-20110015578,Sample-Routine,Water,,2011-03-20,,,,,EDT,1,ft,,,,,,2011 KY AMB,,21KY_WQX-PRI033,,,,,Grab-1,KY DOW,Grab sample,Water Bottle,,Chloride,Total,5.96,mg/l,,Final,,Actual,,,,,,,,,,,,,4500-CL-(D),APHA,4500 CL- D  ~ Chloride in Water by Potentiometry,https://www.nemi.gov/methods/method_summary/9717/,,,,,,,,STORET
21KY_WQX,Kentucky KY Division Of Water,21KY_WQX-20110024434,Sample-Routine,Water,,2011-03-20,,,,,EDT,1,ft,,,,,,2011 KY AMB,,21KY_WQX-PRI033,,,,,Grab-1,KY DOW,Grab sample,Water Bottle,,Mercury,Total,0.667,ng/l,,Final,,Actual,,,,,,,,,,,,,1631,USEPA,"Mercury in Water by Oxidation, Purge and Trap, and CVAFS",https://www.nemi.gov/methods/method_summary/9628/,,,,,,,,STORET
21KY_WQX,Kentucky KY Division Of Water,21KY_WQX-20110007410,Sample-Routine,Water,,2011-05-12,,,,,EDT,1,ft,,,,,,2011 KY AMB,,21KY_WQX-PRI033,,,,,Grab-1,KY DOW,Grab sample,Water Bottle,Not Detected,Mercury,Total,,,,Final,,Actual,,,,,,,,,,,,,1631,USEPA,"Mercury in Water by Oxidation, Purge and Trap, and CVAFS",https://www.nemi.gov/methods/method_summary/9628/,,,,Method Detection Level,0.5,ng/l,,STORET
21KY_WQX,Kentucky KY Division Of Water,21KY_WQX-20110007416,Sample-Routine,Water,,2011-05-12,,,,,EDT,1,ft,,,,,,2011 KY AMB,,21KY_WQX-PRI033,,,,,Grab-1,KY DOW,Grab sample,Water Bottle,Not Detected,Mercury,Total,,,,Final,,Actual,,,,,,,,,,,,,1631,USEPA,"Mercury in Water by Oxidation, Purge and Trap, and CVAFS",https://www.nemi.gov/methods/method_summary/9628/,,,,Method Detection Level,0.5,ng/l,,STORET
21KY_WQX,Kentucky KY Division Of Water,21KY_WQX-20110010540,Sample-Routine,Water,,2011-05-12,,,,,EDT,1,ft,,,,,,2011 KY AMB,,21KY_WQX-PRI033,,,,,Grab-1,KY DOW,Grab sample,Water Bottle,Not Detected,Lead,Total,,,,Final,,Actual,,,,,,,,,,,,,200.8,USEPA,Metals in Waters by ICP/MS,https://www.nemi.gov/methods/method_summary/4665/,,,,Method Detection Level,0.2,ug/l,,STORET
21KY_WQX,Kentucky KY Division Of Water,21KY_WQX-20110010546,Sample-Routine,Water,,2011-05-12,,,,,EDT,1,ft,,,,,,2011 KY AMB,,21KY_WQX-PRI033,,,,,Grab-1,KY DOW,Grab sample,Water Bottle,Not Detected,Lead,Total,,,,Final,,Actual,,,,,,,,,,,,,200.8,USEPA,Metals in Waters by ICP/MS,https://www.nemi.gov/methods/method_summary/4665/,,,,Method Detection Level,0.2,ug/l,,STORET
21KY_WQX,Kentucky KY Division Of Water,21KY_WQX-20110015579,Sample-Routine,Water,,2011-05-12,,,,,EDT,1,ft,,,,,,2011 KY AMB,,21KY_WQX-PRI033,,,,,Grab-1,KY DOW,Grab sample,Water Bottle,,Chloride,Total,5.33,mg/l,,Final,,Actual,,,,,,,,,,,,,4500-CL-(D),APHA,4500 CL- D  ~ Chloride in Water by Potentiometry,https://www.nemi.gov/methods/method_summary/9717/,,,,,,,,STORET
21KY_WQX,Kentucky KY Division Of Water,21KY_WQX-20110015585,Sample-Routine,Water,,2011-05-12,,,,,EDT,1,ft,,,,,,2011 KY AMB,,21KY_WQX-PRI033,,,,,Grab-1,KY DOW,Grab sample,Water Bottle,,Chloride,Total,5.14,mg/l,,Final,,Actual,,,,,,,,,,,,,4500-CL-(D),APHA,4500 CL- D  ~ Chloride in Water by Potentiometry,https://www.nemi.gov/methods/method_summary/9717/,,,,,,,,STORET
21KY_WQX,Kentucky KY Division Of Water,21KY_WQX-20110024435,Sample-Routine,Water,,2011-05-12,,,,,EDT,1,ft,,,,,,2011 KY AMB,,21KY_WQX-PRI033,,,,,Grab-1,KY DOW,Grab sample,Water Bottle,Not Detected,Mercury,Total,,,,Final,,Actual,,,,,,,,,,,,,1631,USEPA,"Mercury in Water by Oxidation, Purge and Trap, and CVAFS",https://www.nemi.gov/methods/method_summary/9628/,,,,Method Detection Level,0.5,ng/l,,STORET
21KY_WQX,Kentucky KY Division Of Water,21KY_WQX-20110024441,Sample-Routine,Water,,2011-05-12,,,,,EDT,1,ft,,,,,,2011 KY AMB,,21KY_WQX-PRI033,,,,,Grab-1,KY DOW,Grab sample,Water Bottle,Not Detected,Mercury,Total,,,,Final,,Actual,,,,,,,,,,,,,1631,USEPA,"Mercury in Water by Oxidation, Purge and Trap, and CVAFS",https://www.nemi.gov/methods/method_summary/9628/,,,,Method Detection Level,0.5,ng/l,,STORET
21KY_WQX,Kentucky KY Division Of Water,21KY_WQX-20110007411,Sample-Routine,Water,,2011-07-19,,,,,EDT,1,ft,,,,,,2011 KY AMB,,21KY_WQX-PRI033,,,,,Grab-1,KY DOW,Grab sample,Water Bottle,,Mercury,Total,0.501,ng/l,,Final,,Actual,,,,,,,,,,,,,1631,USEPA,"Mercury in Water by Oxidation, Purge and Trap, and CVAFS",https://www.nemi.gov/methods/method_summary/9628/,,,,,,,,STORET
21KY_WQX,Kentucky KY Division Of Water,21KY_WQX-20110010541,Sample-Routine,Water,,2011-07-19,,,,,EDT,1,ft,,,,,,2011 KY AMB,,21KY_WQX-PRI033,,,,,Grab-1,KY DOW,Grab sample,Water Bottle,Not Detected,Lead,Total,,,,Final,,Actual,,,,,,,,,,,,,200.8,USEPA,Metals in Waters by ICP/MS,https://www.nemi.gov/methods/method_summary/4665/,,,,Method Detection Level,0.2,ug/l,,STORET
21KY_WQX,Kentucky KY Division Of Water,21KY_WQX-20110015580,Sample-Routine,Water,,2011-07-19,,,,,EDT,1,ft,,,,,,2011 KY AMB,,21KY_WQX-PRI033,,,,,Grab-1,KY DOW,Grab sample,Water Bottle,,Chloride,Total,5.15,mg/l,,Final,,Actual,,,,,,,,,,,,,4500-CL-(D),APHA,4500 CL- D  ~ Chloride in Water by Potentiometry,https://www.nemi.gov/methods/method_summary/9717/,,,,,,,,STORET
21KY_WQX,Kentucky KY Division Of Water,21KY_WQX-20110024436,Sample-Routine,Water,,2011-07-19,,,,,EDT,1,ft,,,,,,2011 KY AMB,,21KY_WQX-PRI033,,,,,Grab-1,KY DOW,Grab sample,Water Bottle,,Mercury,Total,0.501,ng/l,,Final,,Actual,,,,,,,,,,,,,1631,USEPA,"Mercury in Water by Oxidation, Purge and Trap, and CVAFS",https://www.nemi.gov/methods/method_summary/9628/,,,,,,,,STORET
21KY_WQX,Kentucky KY Division Of Water,21KY_WQX-20110007412,Sample-Routine,Water,,2011-09-13,,,,,EDT,1,ft,,,,,,2011 KY AMB,,21KY_WQX-PRI033,,,,,Grab-1,KY DOW,Grab sample,Water Bottle,,Mercury,Total,0.705,ng/l,,Final,,Actual,,,,,,,,,,,,,1631,USEPA,"Mercury in Water by Oxidation, Purge and Trap, and CVAFS",https://www.nemi.gov/methods/method_summary/9628/,,,,,,,,STORET
21KY_WQX,Kentucky KY Division Of Water,21KY_WQX-20110007413,Sample-Routine,Water,,2011-09-13,,,,,EDT,1,ft,,,,,,2011 KY AMB,,21KY_WQX-PRI033,,,,,Grab-1,KY DOW,Grab sample,Water Bottle,,Mercury,Total,0.586,ng/l,,Final,,Actual,,,,,,,,,,,,,1631,USEPA,"Mercury in Water by Oxidation, Purge and Trap, and CVAFS",https://www.nemi.gov/methods/method_summary/9628/,,,,,,,,STORET
21KY_WQX,Kentucky KY Division Of Water,21KY_WQX-20110010542,Sample-Routine,Water,,2011-09-13,,,,,EDT,1,ft,,,,,,2011 KY AMB,,21KY_WQX-PRI033,,,,,Grab-1,KY DOW,Grab sample,Water Bottle,Not Detected,Lead,Total,,,,Final,,Actual,,,,,,,,,,,,,200.8,USEPA,Metals in Waters by ICP/MS,https://www.nemi.gov/methods/method_summary/4665/,,,,Method Detection Level,0.2,ug/l,,STORET
21KY_WQX,Kentucky KY Division Of Water,21KY_WQX-20110010543,Sample-Routine,Water,,2011-09-13,,,,,EDT,1,ft,,,,,,2011 KY AMB,,21KY_WQX-PRI033,,,,,Grab-1,KY DOW,Grab sample,Water Bottle,Not Detected,Lead,Total,,,,Final,,Actual,,,,,,,,,,,,,200.8,USEPA,Metals in Waters by ICP/MS,https://www.nemi.gov/methods/method_summary/4665/,,,,Method Detection Level,0.2,ug/l,,STORET
21KY_WQX,Kentucky KY Division Of Water,21KY_WQX-20110015581,Sample-Routine,Water,,2011-09-13,,,,,EDT,1,ft,,,,,,2011 KY AMB,,21KY_WQX-PRI033,,,,,Grab-1,KY DOW,Grab sample,Water Bottle,,Chloride,Total,8.20,mg/l,,Final,,Actual,,,,,,,,,,,,,4500-CL-(D),APHA,4500 CL- D  ~ Chloride in Water by Potentiometry,https://www.nemi.gov/methods/method_summary/9717/,,,,,,,,STORET
21KY_WQX,Kentucky KY Division Of Water,21KY_WQX-20110015582,Sample-Routine,Water,,2011-09-13,,,,,EDT,1,ft,,,,,,2011 KY AMB,,21KY_WQX-PRI033,,,,,Grab-1,KY DOW,Grab sample,Water Bottle,,Chloride,Total,6.74,mg/l,,Final,,Actual,,,,,,,,,,,,,4500-CL-(D),APHA,4500 CL- D  ~ Chloride in Water by Potentiometry,https://www.nemi.gov/methods/method_summary/9717/,,,,,,,,STORET
21KY_WQX,Kentucky KY Division Of Water,21KY_WQX-20110024437,Sample-Routine,Water,,2011-09-13,,,,,EDT,1,ft,,,,,,2011 KY AMB,,21KY_WQX-PRI033,,,,,Grab-1,KY DOW,Grab sample,Water Bottle,,Mercury,Total,0.705,ng/l,,Final,,Actual,,,,,,,,,,,,,1631,USEPA,"Mercury in Water by Oxidation, Purge and Trap, and CVAFS",https://www.nemi.gov/methods/method_summary/9628/,,,,,,,,STORET
21KY_WQX,Kentucky KY Division Of Water,21KY_WQX-20110024438,Sample-Routine,Water,,2011-09-13,,,,,EDT,1,ft,,,,,,2011 KY AMB,,21KY_WQX-PRI033,,,,,Grab-1,KY DOW,Grab sample,Water Bottle,,Mercury,Total,0.586,ng/l,,Final,,Actual,,,,,,,,,,,,,1631,USEPA,"Mercury in Water by Oxidation, Purge and Trap, and CVAFS",https://www.nemi.gov/methods/method_summary/9628/,,,,,,,,STORET
21KY_WQX,Kentucky KY Division Of Water,21KY_WQX-20110007414,Sample-Routine,Water,,2011-11-21,,,,,EDT,1,ft,,,,,,2011 KY AMB,,21KY_WQX-PRI033,,,,,Grab-1,KY DOW,Grab sample,Water Bottle,,Mercury,Total,0.609,ng/l,,Final,,Actual,,,,,,,,,,,,,1631,USEPA,"Mercury in Water by Oxidation, Purge and Trap, and CVAFS",https://www.nemi.gov/methods/method_summary/9628/,,,,,,,,STORET
21KY_WQX,Kentucky KY Division Of Water,21KY_WQX-20110010544,Sample-Routine,Water,,2011-11-21,,,,,EDT,1,ft,,,,,,2011 KY AMB,,21KY_WQX-PRI033,,,,,Grab-1,KY DOW,Grab sample,Water Bottle,,Lead,Total,0.689,ug/l,,Final,,Actual,,,,,,,,,,,,,200.8,USEPA,Metals in Waters by ICP/MS,https://www.nemi.gov/methods/method_summary/4665/,,,,,,,,STORET
21KY_WQX,Kentucky KY Division Of Water,21KY_WQX-20110015583,Sample-Routine,Water,,2011-11-21,,,,,EDT,1,ft,,,,,,2011 KY AMB,,21KY_WQX-PRI033,,,,,Grab-1,KY DOW,Grab sample,Water Bottle,,Chloride,Total,5.46,mg/l,,Final,,Actual,,,,,,,,,,,,,4500-CL-(D),APHA,4500 CL- D  ~ Chloride in Water by Potentiometry,https://www.nemi.gov/methods/method_summary/9717/,,,,,,,,STORET
21KY_WQX,Kentucky KY Division Of Water,21KY_WQX-20110024439,Sample-Routine,Water,,2011-11-21,,,,,EDT,1,ft,,,,,,2011 KY AMB,,21KY_WQX-PRI033,,,,,Grab-1,KY DOW,Grab sample,Water Bottle,,Mercury,Total,0.609,ng/l,,Final,,Actual,,,,,,,,,,,,,1631,USEPA,"Mercury in Water by Oxidation, Purge and Trap, and CVAFS",https://www.nemi.gov/methods/method_summary/9628/,,,,,,,,STORET
21KY_WQX,Kentucky KY Division Of Water,21KY_WQX-20110007415,Sample-Routine,Water,,2012-01-19,,,,,EDT,1,ft,,,,,,2011 KY AMB,,21KY_WQX-PRI033,,,,,Grab-1,KY DOW,Grab sample,Water Bottle,Not Detected,Mercury,Total,,,,Final,,Actual,,,,,,,,,,,,,1631,USEPA,"Mercury in Water by Oxidation, Purge and Trap, and CVAFS",https://www.nemi.gov/methods/method_summary/9628/,,,,Method Detection Level,0.5,ng/l,,STORET
21KY_WQX,Kentucky KY Division Of Water,21KY_WQX-20110010545,Sample-Routine,Water,,2012-01-19,,,,,EDT,1,ft,,,,,,2011 KY AMB,,21KY_WQX-PRI033,,,,,Grab-1,KY DOW,Grab sample,Water Bottle,,Lead,Total,0.66,ug/l,,Final,,Actual,,,,,,,,,,,,,200.8,USEPA,Metals in Waters by ICP/MS,https://www.nemi.gov/methods/method_summary/4665/,,,,,,,,STORET
21KY_WQX,Kentucky KY Division Of Water,21KY_WQX-20110015584,Sample-Routine,Water,,2012-01-19,,,,,EDT,1,ft,,,,,,2011 KY AMB,,21KY_WQX-PRI033,,,,,Grab-1,KY DOW,Grab sample,Water Bottle,,Chloride,Total,5.62,mg/l,,Final,,Actual,,,,,,,,,,,,,4500-CL-(D),APHA,4500 CL- D  ~ Chloride in Water by Potentiometry,https://www.nemi.gov/methods/method_summary/9717/,,,,,,,,STORET
21KY_WQX,Kentucky KY Division Of Water,21KY_WQX-20110024440,Sample-Routine,Water,,2012-01-19,,,,,EDT,1,ft,,,,,,2011 KY AMB,,21KY_WQX-PRI033,,,,,Grab-1,KY DOW,Grab sample,Water Bottle,Not Detected,Mercury,Total,,,,Final,,Actual,,,,,,,,,,,,,1631,USEPA,"Mercury in Water by Oxidation, Purge and Trap, and CVAFS",https://www.nemi.gov/methods/method_summary/9628/,,,,Method Detection Level,0.5,ng/l,,STORET
21KY_WQX,Kentucky KY Division Of Water,21KY_WQX-20120013274,Sample-Routine,Water,,2012-03-22,,,,,EDT,1,ft,,,,,,2012_KY AMB,,21KY_WQX-PRI033,,,,,Grab-1,KY DOW,Grab sample,Water Bottle,Not Detected,Chloride,Total,,,,Final,,Actual,,,,,,,,,,,,,4500-CL-(D),APHA,4500 CL- D  ~ Chloride in Water by Potentiometry,https://www.nemi.gov/methods/method_summary/9717/,,,,Lower Quantitation Limit,5,mg/l,,STORET
21KY_WQX,Kentucky KY Division Of Water,21KY_WQX-20120017883,Sample-Routine,Water,,2012-03-22,,,,,EDT,1,ft,,,,,,2012_KY AMB,,21KY_WQX-PRI033,,,,,Grab-1,KY DOW,Grab sample,Water Bottle,Not Detected,Lead,Total,,,,Final,,Actual,,,,,,,,,,,,,200.8,USEPA,Metals in Waters by ICP/MS,https://www.nemi.gov/methods/method_summary/4665/,,,,Lower Quantitation Limit,0.2,ug/l,,STORET
21KY_WQX,Kentucky KY Division Of Water,21KY_WQX-20120020101,Sample-Routine,Water,,2012-03-22,,,,,EDT,1,ft,,,,,,2012_KY AMB,,21KY_WQX-PRI033,,,,,Grab-1,KY DOW,Grab sample,Water Bottle,Not Detected,Mercury,Total,,,,Final,,Actual,,,,,,,,,,,,,1631,USEPA,"Mercury in Water by Oxidation, Purge and Trap, and CVAFS",https://www.nemi.gov/methods/method_summary/9628/,,,,Lower Quantitation Limit,0.5,ng/l,,STORET
21KY_WQX,Kentucky KY Division Of Water,21KY_WQX-20120012862,Sample-Routine,Water,,2012-04-19,,,,,EDT,1,ft,,,,,,2012_KY CHL,,21KY_WQX-PRI033,,,,,Grab-1,KY DOW,Grab sample,Water Bottle,,Chloride,Total,6.01,mg/l,,Final,,Actual,,,,,,,,,,,,,4500-CL-(D),APHA,4500 CL- D  ~ Chloride in Water by Potentiometry,https://www.nemi.gov/methods/method_summary/9717/,,,,,,,,STORET
21KY_WQX,Kentucky KY Division Of Water,21KY_WQX-20120013368,Sample-Routine,Water,,2012-05-09,,,,,EDT,1,ft,,,,,,2012_KY AMB,,21KY_WQX-PRI033,,,,,Grab-1,KY DOW,Grab sample,Water Bottle,Not Detected,Chloride,Total,,,,Final,,Actual,,,,,,,,,,,,,4500-CL-(D),APHA,4500 CL- D  ~ Chloride in Water by Potentiometry,https://www.nemi.gov/methods/method_summary/9717/,,,,Lower Quantitation Limit,5,mg/l,,STORET
21KY_WQX,Kentucky KY Division Of Water,21KY_WQX-20120017977,Sample-Routine,Water,,2012-05-09,,,,,EDT,1,ft,,,,,,2012_KY AMB,,21KY_WQX-PRI033,,,,,Grab-1,KY DOW,Grab sample,Water Bottle,,Lead,Total,0.770,ug/l,,Final,,Actual,,,,,,,,,,,,,200.8,USEPA,Metals in Waters by ICP/MS,https://www.nemi.gov/methods/method_summary/4665/,,,,,,,,STORET
21KY_WQX,Kentucky KY Division Of Water,21KY_WQX-20120020193,Sample-Routine,Water,,2012-05-09,,,,,EDT,1,ft,,,,,,2012_KY AMB,,21KY_WQX-PRI033,,,,,Grab-1,KY DOW,Grab sample,Water Bottle,,Mercury,Total,1.18,ng/l,,Final,,Actual,,,,,,,,,,,,,1631,USEPA,"Mercury in Water by Oxidation, Purge and Trap, and CVAFS",https://www.nemi.gov/methods/method_summary/9628/,,,,,,,,STORET
21KY_WQX,Kentucky KY Division Of Water,21KY_WQX-20120012886,Sample-Routine,Water,,2012-05-30,,,,,EDT,1,ft,,,,,,2012_KY CHL,,21KY_WQX-PRI033,,,,,Grab-1,KY DOW,Grab sample,Water Bottle,,Chloride,Total,7.35,mg/l,,Final,,Actual,,,,,,,,,,,,,4500-CL-(D),APHA,4500 CL- D  ~ Chloride in Water by Potentiometry,https://www.nemi.gov/methods/method_summary/9717/,,,,,,,,STORET
21KY_WQX,Kentucky KY Division Of Water,21KY_WQX-20120012891,Sample-Routine,Water,,2012-06-18,,,,,EDT,1,ft,,,,,,2012_KY CHL,,21KY_WQX-PRI033,,,,,Grab-1,KY DOW,Grab sample,Water Bottle,,Chloride,Total,17.4,mg/l,,Final,,Actual,,,,,,,,,,,,,4500-CL-(D),APHA,4500 CL- D  ~ Chloride in Water by Potentiometry,https://www.nemi.gov/methods/method_summary/9717/,,,,,,,,STORET
21KY_WQX,Kentucky KY Division Of Water,21KY_WQX-20120013497,Sample-Routine,Water,,2012-07-09,,,,,EDT,1,ft,,,,,,2012_KY AMB,,21KY_WQX-PRI033,,,,,Grab-1,KY DOW,Grab sample,Water Bottle,,Chloride,Total,22.8,mg/l,,Final,,Actual,,,,,,,,,,,,,4500-CL-(D),APHA,4500 CL- D  ~ Chloride in Water by Potentiometry,https://www.nemi.gov/methods/method_summary/9717/,,,,,,,,STORET
21KY_WQX,Kentucky KY Division Of Water,21KY_WQX-20120018106,Sample-Routine,Water,,2012-07-09,,,,,EDT,1,ft,,,,,,2012_KY AMB,,21KY_WQX-PRI033,,,,,Grab-1,KY DOW,Grab sample,Water Bottle,Not Detected,Lead,Total,,,,Final,,Actual,,,,,,,,,,,,,200.8,USEPA,Metals in Waters by ICP/MS,https://www.nemi.gov/methods/method_summary/4665/,,,,Lower Quantitation Limit,0.2,ug/l,,STORET
21KY_WQX,Kentucky KY Division Of Water,21KY_WQX-20120012914,Sample-Routine,Water,,2012-07-16,,,,,EDT,1,ft,,,,,,2012_KY CHL,,21KY_WQX-PRI033,,,,,Grab-1,KY DOW,Grab sample,Water Bottle,,Chloride,Total,28.9,mg/l,,Final,,Actual,,,,,,,,,,,,,4500-CL-(D),APHA,4500 CL- D  ~ Chloride in Water by Potentiometry,https://www.nemi.gov/methods/method_summary/9717/,,,,,,,,STORET
21KY_WQX,Kentucky KY Division Of Water,21KY_WQX-20120012955,Sample-Routine,Water,,2012-09-05,,,,,EDT,1,ft,,,,,,2012_KY CHL,,21KY_WQX-PRI033,,,,,Grab-1,KY DOW,Grab sample,Water Bottle,,Chloride,Total,12.3,mg/l,,Final,,Actual,,,,,,,,,,,,,4500-CL-(D),APHA,4500 CL- D  ~ Chloride in Water by Potentiometry,https://www.nemi.gov/methods/method_summary/9717/,,,,,,,,STORET
21KY_WQX,Kentucky KY Division Of Water,21KY_WQX-20120013621,Sample-Routine,Water,,2012-09-10,,,,,EDT,1,ft,,,,,,2012_KY AMB,,21KY_WQX-PRI033,,,,,Grab-1,KY DOW,Grab sample,Water Bottle,,Chloride,Total,24.9,mg/l,,Final,,Actual,,,,,,,,,,,,,4500-CL-(D),APHA,4500 CL- D  ~ Chloride in Water by Potentiometry,https://www.nemi.gov/methods/method_summary/9717/,,,,,,,,STORET
21KY_WQX,Kentucky KY Division Of Water,21KY_WQX-20120018230,Sample-Routine,Water,,2012-09-10,,,,,EDT,1,ft,,,,,,2012_KY AMB,,21KY_WQX-PRI033,,,,,Grab-1,KY DOW,Grab sample,Water Bottle,,Lead,Total,8.28,ug/l,,Final,,Actual,,,,,,,,,,,,,200.8,USEPA,Metals in Waters by ICP/MS,https://www.nemi.gov/methods/method_summary/4665/,,,,,,,,STORET
21KY_WQX,Kentucky KY Division Of Water,21KY_WQX-20120020434,Sample-Routine,Water,,2012-09-10,,,,,EDT,1,ft,,,,,,2012_KY AMB,,21KY_WQX-PRI033,,,,,Grab-1,KY DOW,Grab sample,Water Bottle,,Mercury,Total,0.690,ng/l,,Final,,Actual,,,,,,,,,,,,,1631,USEPA,"Mercury in Water by Oxidation, Purge and Trap, and CVAFS",https://www.nemi.gov/methods/method_summary/9628/,,,,,,,,STORET
21KY_WQX,Kentucky KY Division Of Water,21KY_WQX-20120012974,Sample-Routine,Water,,2012-09-27,,,,,EDT,1,ft,,,,,,2012_KY CHL,,21KY_WQX-PRI033,,,,,Grab-1,KY DOW,Grab sample,Water Bottle,,Chloride,Total,7.55,mg/l,,Final,,Actual,,,,,,,,,,,,,4500-CL-(D),APHA,4500 CL- D  ~ Chloride in Water by Potentiometry,https://www.nemi.gov/methods/method_summary/9717/,,,,,,,,STORET
21KY_WQX,Kentucky KY Division Of Water,21KY_WQX-20120013748,Sample-Routine,Water,,2012-11-13,,,,,EDT,1,ft,,,,,,2012_KY AMB,,21KY_WQX-PRI033,,,,,Grab-1,KY DOW,Grab sample,Water Bottle,,Chloride,Total,12.1,mg/l,,Final,,Actual,,,,,,,,,,,,,4500-CL-(D),APHA,4500 CL- D  ~ Chloride in Water by Potentiometry,https://www.nemi.gov/methods/method_summary/9717/,,,,,,,,STORET
21KY_WQX,Kentucky KY Division Of Water,21KY_WQX-20120018357,Sample-Routine,Water,,2012-11-13,,,,,EDT,1,ft,,,,,,2012_KY AMB,,21KY_WQX-PRI033,,,,,Grab-1,KY DOW,Grab sample,Water Bottle,,Lead,Total,3.48,ug/l,,Final,,Actual,,,,,,,,,,,,,200.8,USEPA,Metals in Waters by ICP/MS,https://www.nemi.gov/methods/method_summary/4665/,,,,,,,,STORET
21KY_WQX,Kentucky KY Division Of Water,21KY_WQX-20120020561,Sample-Routine,Water,,2012-11-13,,,,,EDT,1,ft,,,,,,2012_KY AMB,,21KY_WQX-PRI033,,,,,Grab-1,KY DOW,Grab sample,Water Bottle,,Mercury,Total,0.613,ng/l,,Final,,Actual,,,,,,,,,,,,,1631,USEPA,"Mercury in Water by Oxidation, Purge and Trap, and CVAFS",https://www.nemi.gov/methods/method_summary/9628/,,,,,,,,STORET
21KY_WQX,Kentucky KY Division Of Water,21KY_WQX-20120051561,Sample-Routine,Water,,2013-01-15,,,,,EST,1,ft,,,,,,2012_KY AMB,,21KY_WQX-PRI033,,,,,Grab-1,KY DOW,Grab sample,Water Bottle,Not Detected,Chloride,Total,,,,Final,,Actual,,,,,,,,,,,,,4500-CL(D),APHA,4500 CL D  ~ Residual Chlorine in Water by Titration- Amperometric Method,https://www.nemi.gov/methods/method_summary/9717/,,,,Method Detection Level,0,mg/l,,STORET
21KY_WQX,Kentucky KY Division Of Water,21KY_WQX-20120052843,Sample-Routine,Water,,2013-01-15,,,,,EST,1,ft,,,,,,2012_KY AMB,,21KY_WQX-PRI033,,,,,Grab-1,KY DOW,Grab sample,Water Bottle,,Lead,Total,25.5,ug/l,,Final,,Actual,,,,,,,,,,,,,200.8,USEPA,Metals in Waters by ICP/MS,https://www.nemi.gov/methods/method_summary/4665/,,,,,,,,STORET
21KY_WQX,Kentucky KY Division Of Water,21KY_WQX-20120053392,Sample-Routine,Water,,2013-01-15,,,,,EST,1,ft,,,,,,2012_KY AMB,,21KY_WQX-PRI033,,,,,Grab-1,KY DOW,Grab sample,Water Bottle,,Mercury,Total,5.26,ng/l,,Final,,Actual,,,,,,,,,,,,,1631E,USEPA,"1631E ~ Mercury in Water by Oxidation, Purge and Trap, and CVAFS",,,,,,,,,STORET
21KY_WQX,Kentucky KY Division Of Water,21KY_WQX-20120051562,Sample-Routine,Water,,2013-03-11,,,,,EST,1,ft,,,,,,2012_KY AMB,,21KY_WQX-PRI033,,,,,Grab-1,KY DOW,Grab sample,Water Bottle,Not Detected,Chloride,Total,,,,Final,,Actual,,,,,,,,,,,,,4500-CL(D),APHA,4500 CL D  ~ Residual Chlorine in Water by Titration- Amperometric Method,https://www.nemi.gov/methods/method_summary/9717/,,,,Method Detection Level,0,mg/l,,STORET
21KY_WQX,Kentucky KY Division Of Water,21KY_WQX-20120052844,Sample-Routine,Water,,2013-03-11,,,,,EST,1,ft,,,,,,2012_KY AMB,,21KY_WQX-PRI033,,,,,Grab-1,KY DOW,Grab sample,Water Bottle,,Lead,Total,12.9,ug/l,,Final,,Actual,,,,,,,,,,,,,200.8,USEPA,Metals in Waters by ICP/MS,https://www.nemi.gov/methods/method_summary/4665/,,,,,,,,STORET
21KY_WQX,Kentucky KY Division Of Water,21KY_WQX-20120053393,Sample-Routine,Water,,2013-03-11,,,,,EST,1,ft,,,,,,2012_KY AMB,,21KY_WQX-PRI033,,,,,Grab-1,KY DOW,Grab sample,Water Bottle,,Mercury,Total,0.669,ng/l,,Final,,Actual,,,,,,,,,,,,,1631E,USEPA,"1631E ~ Mercury in Water by Oxidation, Purge and Trap, and CVAFS",,,,,,,,,STORET
21KY_WQX,Kentucky KY Division Of Water,21KY_WQX-298-S298,Sample-Routine,Water,,2013-04-09,13:10:00,EST,,,,1,ft,,,,,,AMB-SW 2013,,21KY_WQX-PRI033,,,,,Grab-Unkn,KDOW_SOP,Grab-Unknown Method,Miscellaneous (Other),,Mercury,Total,.915,ng/l,,Final,,Actual,,,,,,,,,,,,,1631E,USEPA,"1631E ~ Mercury in Water by Oxidation, Purge and Trap, and CVAFS",,KDEP-DEPS-ESB,,,,,,,STORET
21KY_WQX,Kentucky KY Division Of Water,21KY_WQX-298-S298,Sample-Routine,Water,,2013-04-09,13:10:00,EST,,,,1,ft,,,,,,AMB-SW 2013,,21KY_WQX-PRI033,,,,,Grab-Unkn,KDOW_SOP,Grab-Unknown Method,Miscellaneous (Other),,Lead,Total,6.93,ug/l,,Final,,Actual,,,,,,,,,,,,,200.8,USEPA,Metals in Waters by ICP/MS,https://www.nemi.gov/methods/method_summary/4665/,KDEP-DEPS-ESB,,,,,,,STORET
21KY_WQX,Kentucky KY Division Of Water,21KY_WQX-298-S298,Sample-Routine,Water,,2013-04-09,13:10:00,EST,,,,1,ft,,,,,,AMB-SW 2013,,21KY_WQX-PRI033,,,,,Grab-Unkn,KDOW_SOP,Grab-Unknown Method,Miscellaneous (Other),,Chloride,Total,5.3,mg/l,,Final,,Actual,,,,,,,,,,,,,4500-CL(D),APHA,4500 CL D  ~ Residual Chlorine in Water by Titration- Amperometric Method,https://www.nemi.gov/methods/method_summary/9717/,KDEP-DEPS-ESB,,,,,,,STORET
21KY_WQX,Kentucky KY Division Of Water,21KY_WQX-299-S299,Sample-Routine,Water,,2013-05-22,13:15:00,EST,,,,1,ft,,,,,,AMB-SW 2013,,21KY_WQX-PRI033,,,,,Grab-Unkn,KDOW_SOP,Grab-Unknown Method,Miscellaneous (Other),,Chloride,Total,5.43,mg/l,,Final,,Actual,,,,,,,,,,,,,4500-CL(D),APHA,4500 CL D  ~ Residual Chlorine in Water by Titration- Amperometric Method,https://www.nemi.gov/methods/method_summary/9717/,KDEP-DEPS-ESB,,,,,,,STORET
21KY_WQX,Kentucky KY Division Of Water,21KY_WQX-299-S299,Sample-Routine,Water,,2013-05-22,13:15:00,EST,,,,1,ft,,,,,,AMB-SW 2013,,21KY_WQX-PRI033,,,,,Grab-Unkn,KDOW_SOP,Grab-Unknown Method,Miscellaneous (Other),,Mercury,Total,1.01,ng/l,,Final,,Actual,,,,,,,,,,,,,1631E,USEPA,"1631E ~ Mercury in Water by Oxidation, Purge and Trap, and CVAFS",,KDEP-DEPS-ESB,,,,,,,STORET
21KY_WQX,Kentucky KY Division Of Water,21KY_WQX-299-S299,Sample-Routine,Water,,2013-05-22,13:15:00,EST,,,,1,ft,,,,,,AMB-SW 2013,,21KY_WQX-PRI033,,,,,Grab-Unkn,KDOW_SOP,Grab-Unknown Method,Miscellaneous (Other),,Lead,Total,2.28,ug/l,,Final,,Actual,,,,,,,,,,,,,200.8,USEPA,Metals in Waters by ICP/MS,https://www.nemi.gov/methods/method_summary/4665/,KDEP-DEPS-ESB,,,,,,,STORET
21KY_WQX,Kentucky KY Division Of Water,21KY_WQX-300-S300,Sample-Routine,Water,,2013-06-19,14:10:00,EST,,,,1,ft,,,,,,AMB-SW 2013,,21KY_WQX-PRI033,,,,,Grab-Unkn,KDOW_SOP,Grab-Unknown Method,Miscellaneous (Other),,Mercury,Total,2.82,ng/l,,Final,,Actual,,,,,,,,,,,,,1631E,USEPA,"1631E ~ Mercury in Water by Oxidation, Purge and Trap, and CVAFS",,KDEP-DEPS-ESB,,,,,,,STORET
21KY_WQX,Kentucky KY Division Of Water,21KY_WQX-300-S300,Sample-Routine,Water,,2013-06-19,14:10:00,EST,,,,1,ft,,,,,,AMB-SW 2013,,21KY_WQX-PRI033,,,,,Grab-Unkn,KDOW_SOP,Grab-Unknown Method,Miscellaneous (Other),Not Detected,Chloride,Total,,mg/l,,Final,,Actual,,,,,,U; Analyte Not Detected,,,,,,,4500-CL(D),APHA,4500 CL D  ~ Residual Chlorine in Water by Titration- Amperometric Method,https://www.nemi.gov/methods/method_summary/9717/,KDEP-DEPS-ESB,,,Long Term Method Detection Level,5,mg/l,,STORET
21KY_WQX,Kentucky KY Division Of Water,21KY_WQX-300-S300,Sample-Routine,Water,,2013-06-19,14:10:00,EST,,,,1,ft,,,,,,AMB-SW 2013,,21KY_WQX-PRI033,,,,,Grab-Unkn,KDOW_SOP,Grab-Unknown Method,Miscellaneous (Other),,Lead,Total,3.11,ug/l,,Final,,Actual,,,,,,,,,,,,,200.8,USEPA,Metals in Waters by ICP/MS,https://www.nemi.gov/methods/method_summary/4665/,KDEP-DEPS-ESB,,,,,,,STORET
21KY_WQX,Kentucky KY Division Of Water,21KY_WQX-301-S301,Sample-Routine,Water,,2013-07-10,14:00:00,EST,,,,1,ft,,,,,,AMB-SW 2013,,21KY_WQX-PRI033,,,,,Grab-Unkn,KDOW_SOP,Grab-Unknown Method,Miscellaneous (Other),,Lead,Total,2.66,ug/l,,Final,,Actual,,,,,,,,,,,,,200.8,USEPA,Metals in Waters by ICP/MS,https://www.nemi.gov/methods/method_summary/4665/,KDEP-DEPS-ESB,,,,,,,STORET
21KY_WQX,Kentucky KY Division Of Water,21KY_WQX-301-S301,Sample-Routine,Water,,2013-07-10,14:00:00,EST,,,,1,ft,,,,,,AMB-SW 2013,,21KY_WQX-PRI033,,,,,Grab-Unkn,KDOW_SOP,Grab-Unknown Method,Miscellaneous (Other),,Mercury,Total,1.56,ng/l,,Final,,Actual,,,,,,,,,,,,,1631E,USEPA,"1631E ~ Mercury in Water by Oxidation, Purge and Trap, and CVAFS",,KDEP-DEPS-ESB,,,,,,,STORET
21KY_WQX,Kentucky KY Division Of Water,21KY_WQX-301-S301,Sample-Routine,Water,,2013-07-10,14:00:00,EST,,,,1,ft,,,,,,AMB-SW 2013,,21KY_WQX-PRI033,,,,,Grab-Unkn,KDOW_SOP,Grab-Unknown Method,Miscellaneous (Other),Not Detected,Chloride,Total,,mg/l,,Final,,Actual,,,,,,U; Analyte Not Detected,,,,,,,4500-CL(D),APHA,4500 CL D  ~ Residual Chlorine in Water by Titration- Amperometric Method,https://www.nemi.gov/methods/method_summary/9717/,KDEP-DEPS-ESB,,,Long Term Method Detection Level,5,mg/l,,STORET
21KY_WQX,Kentucky KY Division Of Water,21KY_WQX-302-S302,Sample-Routine,Water,,2013-08-20,14:40:00,EST,,,,1,ft,,,,,,AMB-SW 2013,,21KY_WQX-PRI033,,,,,Grab-Unkn,KDOW_SOP,Grab-Unknown Method,Miscellaneous (Other),,Lead,Total,41.5,ug/l,,Final,,Actual,,,,,,L; Exceeds MCL or Action Limit,,,,,,,200.8,USEPA,Metals in Waters by ICP/MS,https://www.nemi.gov/methods/method_summary/4665/,KDEP-DEPS-ESB,,,,,,,STORET
21KY_WQX,Kentucky KY Division Of Water,21KY_WQX-302-S302,Sample-Routine,Water,,2013-08-20,14:40:00,EST,,,,1,ft,,,,,,AMB-SW 2013,,21KY_WQX-PRI033,,,,,Grab-Unkn,KDOW_SOP,Grab-Unknown Method,Miscellaneous (Other),,Mercury,Total,.731,ng/l,,Final,,Actual,,,,,,,,,,,,,1631E,USEPA,"1631E ~ Mercury in Water by Oxidation, Purge and Trap, and CVAFS",,KDEP-DEPS-ESB,,,,,,,STORET
21KY_WQX,Kentucky KY Division Of Water,21KY_WQX-302-S302,Sample-Routine,Water,,2013-08-20,14:40:00,EST,,,,1,ft,,,,,,AMB-SW 2013,,21KY_WQX-PRI033,,,,,Grab-Unkn,KDOW_SOP,Grab-Unknown Method,Miscellaneous (Other),,Chloride,Total,5.71,mg/l,,Final,,Actual,,,,,,,,,,,,,4500-CL(D),APHA,4500 CL D  ~ Residual Chlorine in Water by Titration- Amperometric Method,https://www.nemi.gov/methods/method_summary/9717/,KDEP-DEPS-ESB,,,,,,,STORET
21KY_WQX,Kentucky KY Division Of Water,21KY_WQX-303-S303,Sample-Routine,Water,,2013-09-16,14:00:00,EST,,,,1,ft,,,,,,AMB-SW 2013,,21KY_WQX-PRI033,,,,,Grab-Unkn,KDOW_SOP,Grab-Unknown Method,Miscellaneous (Other),,Chloride,Total,19.5,mg/l,,Final,,Actual,,,,,,,,,,,,,4500-CL(D),APHA,4500 CL D  ~ Residual Chlorine in Water by Titration- Amperometric Method,https://www.nemi.gov/methods/method_summary/9717/,KDEP-DEPS-ESB,,,,,,,STORET
21KY_WQX,Kentucky KY Division Of Water,21KY_WQX-303-S303,Sample-Routine,Water,,2013-09-16,14:00:00,EST,,,,1,ft,,,,,,AMB-SW 2013,,21KY_WQX-PRI033,,,,,Grab-Unkn,KDOW_SOP,Grab-Unknown Method,Miscellaneous (Other),,Mercury,Total,.587,ng/l,,Final,,Actual,,,,,,,,,,,,,1631E,USEPA,"1631E ~ Mercury in Water by Oxidation, Purge and Trap, and CVAFS",,KDEP-DEPS-ESB,,,,,,,STORET
21KY_WQX,Kentucky KY Division Of Water,21KY_WQX-303-S303,Sample-Routine,Water,,2013-09-16,14:00:00,EST,,,,1,ft,,,,,,AMB-SW 2013,,21KY_WQX-PRI033,,,,,Grab-Unkn,KDOW_SOP,Grab-Unknown Method,Miscellaneous (Other),,Lead,Total,6.4,ug/l,,Final,,Actual,,,,,,,,,,,,,200.8,USEPA,Metals in Waters by ICP/MS,https://www.nemi.gov/methods/method_summary/4665/,KDEP-DEPS-ESB,,,,,,,STORET
21KY_WQX,Kentucky KY Division Of Water,21KY_WQX-304-S304,Sample-Routine,Water,,2013-10-15,13:00:00,EST,,,,1,ft,,,,,,AMB-SW 2013,,21KY_WQX-PRI033,,,,,Grab-Unkn,KDOW_SOP,Grab-Unknown Method,Miscellaneous (Other),,Chloride,Total,18.4,mg/l,,Final,,Actual,,,,,,,,,,,,,4500-CL(D),APHA,4500 CL D  ~ Residual Chlorine in Water by Titration- Amperometric Method,https://www.nemi.gov/methods/method_summary/9717/,KDEP-DEPS-ESB,,,,,,,STORET
21KY_WQX,Kentucky KY Division Of Water,21KY_WQX-304-S304,Sample-Routine,Water,,2013-10-15,13:00:00,EST,,,,1,ft,,,,,,AMB-SW 2013,,21KY_WQX-PRI033,,,,,Grab-Unkn,KDOW_SOP,Grab-Unknown Method,Miscellaneous (Other),Not Detected,Lead,Total,,ug/l,,Final,,Actual,,,,,,U; Analyte Not Detected,,,,,,,200.8,USEPA,Metals in Waters by ICP/MS,https://www.nemi.gov/methods/method_summary/4665/,KDEP-DEPS-ESB,,,Long Term Method Detection Level,.2,ug/l,,STORET
21KY_WQX,Kentucky KY Division Of Water,21KY_WQX-304-S304,Sample-Routine,Water,,2013-10-15,13:00:00,EST,,,,1,ft,,,,,,AMB-SW 2013,,21KY_WQX-PRI033,,,,,Grab-Unkn,KDOW_SOP,Grab-Unknown Method,Miscellaneous (Other),,Mercury,Total,.924,ng/l,,Final,,Actual,,,,,,,,,,,,,1631E,USEPA,"1631E ~ Mercury in Water by Oxidation, Purge and Trap, and CVAFS",,KDEP-DEPS-ESB,,,,,,,STORET
21KY_WQX,Kentucky KY Division Of Water,21KY_WQX-305-S305,Sample-Routine,Water,,2013-11-14,13:45:00,EST,,,,1,ft,,,,,,AMB-SW 2013,,21KY_WQX-PRI033,,,,,Grab-Unkn,KDOW_SOP,Grab-Unknown Method,Miscellaneous (Other),,Lead,Total,11.5,ug/l,,Final,,Actual,,,,,,,,,,,,,200.8,USEPA,Metals in Waters by ICP/MS,https://www.nemi.gov/methods/method_summary/4665/,KDEP-DEPS-ESB,,,,,,,STORET
21KY_WQX,Kentucky KY Division Of Water,21KY_WQX-305-S305,Sample-Routine,Water,,2013-11-14,13:45:00,EST,,,,1,ft,,,,,,AMB-SW 2013,,21KY_WQX-PRI033,,,,,Grab-Unkn,KDOW_SOP,Grab-Unknown Method,Miscellaneous (Other),,Mercury,Total,.745,ng/l,,Final,,Actual,,,,,,,,,,,,,1631E,USEPA,"1631E ~ Mercury in Water by Oxidation, Purge and Trap, and CVAFS",,KDEP-DEPS-ESB,,,,,,,STORET
21KY_WQX,Kentucky KY Division Of Water,21KY_WQX-305-S305,Sample-Routine,Water,,2013-11-14,13:45:00,EST,,,,1,ft,,,,,,AMB-SW 2013,,21KY_WQX-PRI033,,,,,Grab-Unkn,KDOW_SOP,Grab-Unknown Method,Miscellaneous (Other),,Chloride,Total,17.4,mg/l,,Final,,Actual,,,,,,,,,,,,,4500-CL(D),APHA,4500 CL D  ~ Residual Chlorine in Water by Titration- Amperometric Method,https://www.nemi.gov/methods/method_summary/9717/,KDEP-DEPS-ESB,,,,,,,STORET
21KY_WQX,Kentucky KY Division Of Water,21KY_WQX-306-S306,Sample-Routine,Water,,2013-12-16,13:30:00,EST,,,,1,ft,,,,,,AMB-SW 2013,,21KY_WQX-PRI033,,,,,Grab-Unkn,KDOW_SOP,Grab-Unknown Method,Miscellaneous (Other),,Lead,Total,31.8,ug/l,,Final,,Actual,,,,,,L; Exceeds MCL or Action Limit,,,,,,,200.8,USEPA,Metals in Waters by ICP/MS,https://www.nemi.gov/methods/method_summary/4665/,KDEP-DEPS-ESB,,,,,,,STORET
21KY_WQX,Kentucky KY Division Of Water,21KY_WQX-306-S306,Sample-Routine,Water,,2013-12-16,13:30:00,EST,,,,1,ft,,,,,,AMB-SW 2013,,21KY_WQX-PRI033,,,,,Grab-Unkn,KDOW_SOP,Grab-Unknown Method,Miscellaneous (Other),,Chloride,Total,8.4,mg/l,,Final,,Actual,,,,,,,,,,,,,4500-CL(D),APHA,4500 CL D  ~ Residual Chlorine in Water by Titration- Amperometric Method,https://www.nemi.gov/methods/method_summary/9717/,KDEP-DEPS-ESB,,,,,,,STORET
21KY_WQX,Kentucky KY Division Of Water,21KY_WQX-306-S306,Sample-Routine,Water,,2013-12-16,13:30:00,EST,,,,1,ft,,,,,,AMB-SW 2013,,21KY_WQX-PRI033,,,,,Grab-Unkn,KDOW_SOP,Grab-Unknown Method,Miscellaneous (Other),,Mercury,Total,1.09,ng/l,,Final,,Actual,,,,,,,,,,,,,1631E,USEPA,"1631E ~ Mercury in Water by Oxidation, Purge and Trap, and CVAFS",,KDEP-DEPS-ESB,,,,,,,STORET
21KY_WQX,Kentucky KY Division Of Water,21KY_WQX-307-S307,Sample-Routine,Water,,2014-01-13,14:30:00,EST,,,,1,ft,,,,,,AMB-SW 2013,,21KY_WQX-PRI033,,,,,Grab-Unkn,KDOW_SOP,Grab-Unknown Method,Miscellaneous (Other),Not Detected,Chloride,Total,,mg/l,,Final,,Actual,,,,,,U; Analyte Not Detected,,,,,,,4500-CL(D),APHA,4500 CL D  ~ Residual Chlorine in Water by Titration- Amperometric Method,https://www.nemi.gov/methods/method_summary/9717/,KDEP-DEPS-ESB,,,Long Term Method Detection Level,5,mg/l,,STORET
21KY_WQX,Kentucky KY Division Of Water,21KY_WQX-307-S307,Sample-Routine,Water,,2014-01-13,14:30:00,EST,,,,1,ft,,,,,,AMB-SW 2013,,21KY_WQX-PRI033,,,,,Grab-Unkn,KDOW_SOP,Grab-Unknown Method,Miscellaneous (Other),,Mercury,Total,2.56,ng/l,,Final,,Actual,,,,,,,,,,,,,1631E,USEPA,"1631E ~ Mercury in Water by Oxidation, Purge and Trap, and CVAFS",,KDEP-DEPS-ESB,,,,,,,STORET
21KY_WQX,Kentucky KY Division Of Water,21KY_WQX-307-S307,Sample-Routine,Water,,2014-01-13,14:30:00,EST,,,,1,ft,,,,,,AMB-SW 2013,,21KY_WQX-PRI033,,,,,Grab-Unkn,KDOW_SOP,Grab-Unknown Method,Miscellaneous (Other),,Lead,Total,16.2,ug/l,,Final,,Actual,,,,,,L; Exceeds MCL or Action Limit,,,,,,,200.8,USEPA,Metals in Waters by ICP/MS,https://www.nemi.gov/methods/method_summary/4665/,KDEP-DEPS-ESB,,,,,,,STORET
21KY_WQX,Kentucky KY Division Of Water,21KY_WQX-308-S308,Sample-Routine,Water,,2014-02-11,14:00:00,EST,,,,1,ft,,,,,,AMB-SW 2013,,21KY_WQX-PRI033,,,,,Grab-Unkn,KDOW_SOP,Grab-Unknown Method,Miscellaneous (Other),,Lead,Total,.56,ug/l,,Final,,Actual,,,,,,,,,,,,,200.8,USEPA,Metals in Waters by ICP/MS,https://www.nemi.gov/methods/method_summary/4665/,KDEP-DEPS-ESB,,,,,,,STORET
21KY_WQX,Kentucky KY Division Of Water,21KY_WQX-308-S308,Sample-Routine,Water,,2014-02-11,14:00:00,EST,,,,1,ft,,,,,,AMB-SW 2013,,21KY_WQX-PRI033,,,,,Grab-Unkn,KDOW_SOP,Grab-Unknown Method,Miscellaneous (Other),Not Detected,Chloride,Total,,mg/l,,Final,,Actual,,,,,,U; Analyte Not Detected,,,,,,,4500-CL(D),APHA,4500 CL D  ~ Residual Chlorine in Water by Titration- Amperometric Method,https://www.nemi.gov/methods/method_summary/9717/,KDEP-DEPS-ESB,,,Long Term Method Detection Level,5,mg/l,,STORET
21KY_WQX,Kentucky KY Division Of Water,21KY_WQX-308-S308,Sample-Routine,Water,,2014-02-11,14:00:00,EST,,,,1,ft,,,,,,AMB-SW 2013,,21KY_WQX-PRI033,,,,,Grab-Unkn,KDOW_SOP,Grab-Unknown Method,Miscellaneous (Other),,Mercury,Total,.904,ng/l,,Final,,Actual,,,,,,,,,,,,,1631E,USEPA,"1631E ~ Mercury in Water by Oxidation, Purge and Trap, and CVAFS",,KDEP-DEPS-ESB,,,,,,,STORET
21KY_WQX,Kentucky KY Division Of Water,21KY_WQX-309-S309,Sample-Routine,Water,,2014-03-11,14:00:00,EST,,,,1,ft,,,,,,AMB-SW 2013,,21KY_WQX-PRI033,,,,,Grab-Unkn,KDOW_SOP,Grab-Unknown Method,Miscellaneous (Other),,Mercury,Total,.992,ng/l,,Final,,Actual,,,,,,,,,,,,,1631E,USEPA,"1631E ~ Mercury in Water by Oxidation, Purge and Trap, and CVAFS",,KDEP-DEPS-ESB,,,,,,,STORET
21KY_WQX,Kentucky KY Division Of Water,21KY_WQX-309-S309,Sample-Routine,Water,,2014-03-11,14:00:00,EST,,,,1,ft,,,,,,AMB-SW 2013,,21KY_WQX-PRI033,,,,,Grab-Unkn,KDOW_SOP,Grab-Unknown Method,Miscellaneous (Other),Not Detected,Chloride,Total,,mg/l,,Final,,Actual,,,,,,U; Analyte Not Detected,,,,,,,4500-CL(D),APHA,4500 CL D  ~ Residual Chlorine in Water by Titration- Amperometric Method,https://www.nemi.gov/methods/method_summary/9717/,KDEP-DEPS-ESB,,,Long Term Method Detection Level,5,mg/l,,STORET
21KY_WQX,Kentucky KY Division Of Water,21KY_WQX-309-S309,Sample-Routine,Water,,2014-03-11,14:00:00,EST,,,,1,ft,,,,,,AMB-SW 2013,,21KY_WQX-PRI033,,,,,Grab-Unkn,KDOW_SOP,Grab-Unknown Method,Miscellaneous (Other),,Lead,Total,7.26,ug/l,,Final,,Actual,,,,,,,,,,,,,200.8,USEPA,Metals in Waters by ICP/MS,https://www.nemi.gov/methods/method_summary/4665/,KDEP-DEPS-ESB,,,,,,,STORET