OrganizationIdentifier,OrganizationFormalName,ActivityIdentifier,ActivityTypeCode,ActivityMediaName,ActivityMediaSubdivisionName,ActivityStartDate,ActivityStartTime/Time,ActivityStartTime/TimeZoneCode,ActivityEndDate,ActivityEndTime/Time,ActivityEndTime/TimeZoneCode,ActivityDepthHeightMeasure/MeasureValue,ActivityDepthHeightMeasure/MeasureUnitCode,ActivityDepthAltitudeReferencePointText,ActivityTopDepthHeightMeasure/MeasureValue,ActivityTopDepthHeightMeasure/MeasureUnitCode,ActivityBottomDepthHeightMeasure/MeasureValue,ActivityBottomDepthHeightMeasure/MeasureUnitCode,ProjectIdentifier,ActivityConductingOrganizationText,MonitoringLocationIdentifier,ActivityCommentText,SampleAquifer,HydrologicCondition,HydrologicEvent,SampleCollectionMethod/MethodIdentifier,SampleCollectionMethod/MethodIdentifierContext,SampleCollectionMethod/MethodName,SampleCollectionEquipmentName,ResultDetectionConditionText,CharacteristicName,ResultSampleFractionText,ResultMeasureValue,ResultMeasure/MeasureUnitCode,MeasureQualifierCode,ResultStatusIdentifier,StatisticalBaseCode,ResultValueTypeName,ResultWeightBasisText,ResultTimeBasisText,ResultTemperatureBasisText,ResultParticleSizeBasisText,PrecisionValue,ResultCommentText,USGSPCode,ResultDepthHeightMeasure/MeasureValue,ResultDepthHeightMeasure/MeasureUnitCode,ResultDepthAltitudeReferencePointText,SubjectTaxonomicName,SampleTissueAnatomyName,ResultAnalyticalMethod/MethodIdentifier,ResultAnalyticalMethod/MethodIdentifierContext,ResultAnalyticalMethod/MethodName,MethodDescriptionText,LaboratoryName,AnalysisStartDate,ResultLaboratoryCommentText,DetectionQuantitationLimitTypeName,DetectionQuantitationLimitMeasure/MeasureValue,DetectionQuantitationLimitMeasure/MeasureUnitCode,PreparationStartDate,ProviderName
USGS-AL,USGS Alabama Water Science Center,nwisal.01.01300114,Sample-Routine,Water,Groundwater,2013-08-20,12:00:00,CDT,,,,,,,,,,,National Water Quality Assessment Program (NAWQA),U.S. Geological Survey,USGS-315522087045901,L-2330058 Samples were received chilled at the WHOI lab.,,Not applicable,Not applicable,USGS,USGS,USGS,Unknown,,Chloride,Dissolved,68.7,mg/l,,Preliminary,,Actual,,,,,,,00940,,,,,,IC022,USGS,"Anions, wf, IC","Standard Methods (22d ed), 2012, p 4-5 - 4-7","USGS-National Water Quality Lab, Denver, CO",2013-11-23,sample was diluted,Long Term Method Detection Level,0.06,mg/l,,NWIS
USGS-AL,USGS Alabama Water Science Center,nwisal.01.01300114,Sample-Routine,Water,Groundwater,2013-08-20,12:00:00,CDT,,,,,,,,,,,National Water Quality Assessment Program (NAWQA),U.S. Geological Survey,USGS-315522087045901,L-2330058 Samples were received chilled at the WHOI lab.,,Not applicable,Not applicable,USGS,USGS,USGS,Unknown,,Lead,Dissolved,0.107,ug/l,,Preliminary,,Actual,,,,,,,01049,,,,,,PLM43,USGS,"Metals, wf, ICP-MS",USGS OF 92-634,"USGS-National Water Quality Lab, Denver, CO",2013-08-27,,Long Term Method Detection Level,0.025,ug/l,,NWIS
USGS-AL,USGS Alabama Water Science Center,nwisal.01.01300155,Sample-Routine,Water,Groundwater,2013-08-07,12:00:00,CDT,,,,,,,,,,,National Water Quality Assessment Program (NAWQA),,USGS-315820087202001,L-2210136 Updated SID from 315915087202301 per Gill.  KB 4/11/14  Samples were received chilled at the WHOI lab.    corrected station id per Gill   pwg  04/18/14  corrected station id per Gill   pwg  04/18/14,,Not applicable,Not applicable,USGS,USGS,USGS,Unknown,,Lead,Dissolved,0.566,ug/l,,Preliminary,,Actual,,,,,,,01049,,,,,,PLM43,USGS,"Metals, wf, ICP-MS",USGS OF 92-634,"USGS-National Water Quality Lab, Denver, CO",2013-08-15,,Long Term Method Detection Level,0.025,ug/l,,NWIS
USGS-AL,USGS Alabama Water Science Center,nwisal.01.01300155,Sample-Routine,Water,Groundwater,2013-08-07,12:00:00,CDT,,,,,,,,,,,National Water Quality Assessment Program (NAWQA),,USGS-315820087202001,L-2210136 Updated SID from 315915087202301 per Gill.  KB 4/11/14  Samples were received chilled at the WHOI lab.    corrected station id per Gill   pwg  04/18/14  corrected station id per Gill   pwg  04/18/14,,Not applicable,Not applicable,USGS,USGS,USGS,Unknown,,Chloride,Dissolved,85.4,mg/l,,Preliminary,,Actual,,,,,,,00940,,,,,,IC022,USGS,"Anions, wf, IC","Standard Methods (22d ed), 2012, p 4-5 - 4-7","USGS-National Water Quality Lab, Denver, CO",2013-11-12,sample was diluted,Long Term Method Detection Level,0.06,mg/l,,NWIS
21AWIC,ALABAMA DEPT. OF ENVIRONMENTAL MANAGEMENT - WATER QUALITY DATA,21AWIC-44909_27029_173,Sample-Routine,Water,,2010-05-06,09:04:00,CST,,,,,,SURFACE,,,,,300,21AWIC,21AWIC-1133,,,,,1,ADEM,ADEM SOPs-2000 Series-Surface Water,Water Bottle,,Chloride,Total,3.9,mg/l,,Final,,Actual,,,,,,,,,,,,,300.0,USEPA,Determination of Inorganic Anions by Ion Chromatography,,ADEM - CENTRAL LAB,2010-05-11,,,,,,STORET
21AWIC,ALABAMA DEPT. OF ENVIRONMENTAL MANAGEMENT - WATER QUALITY DATA,21AWIC-44909_27048_173,Sample-Routine,Water,,2010-05-06,09:04:00,CST,,,,,,SURFACE,,,,,300,21AWIC,21AWIC-1133,,,,,1,ADEM,ADEM SOPs-2000 Series-Surface Water,Water Bottle,Not Detected,Mercury,Dissolved,,,,Final,,Actual,,,,,,,,,,,,,245.1,USEPA,Mercury in Water by CVAA,https://www.nemi.gov/methods/method_summary/4821/,ADEM - CENTRAL LAB,2010-05-12,,Method Detection Level,0.08,ug/l,,STORET
21AWIC,ALABAMA DEPT. OF ENVIRONMENTAL MANAGEMENT - WATER QUALITY DATA,21AWIC-44909_27048_173,Sample-Routine,Water,,2010-05-06,09:04:00,CST,,,,,,SURFACE,,,,,300,21AWIC,21AWIC-1133,,,,,1,ADEM,ADEM SOPs-2000 Series-Surface Water,Water Bottle,Not Detected,Lead,Dissolved,,,,Final,,Actual,,,,,,,,,,,,,200.9,USEPA,Metals by Temperature Stabilized GFAA,https://www.nemi.gov/methods/method_summary/4797/,ADEM - CENTRAL LAB,2010-05-27,,Method Detection Level,1.69,ug/l,,STORET
21AWIC,ALABAMA DEPT. OF ENVIRONMENTAL MANAGEMENT - WATER QUALITY DATA,21AWIC-123973_55169_173,Sample-Routine,Water,,2010-07-14,08:42:00,CST,,,,,,SURFACE,,,,,300,21AWIC,21AWIC-1133,,,,,1,ADEM,ADEM SOPs-2000 Series-Surface Water,Water Bottle,,Chloride,Total,3.8,mg/l,,Final,,Actual,,,,,,,,,,,,,300.0,USEPA,Determination of Inorganic Anions by Ion Chromatography,,ADEM - CENTRAL LAB,2010-07-16,,,,,,STORET
21AWIC,ALABAMA DEPT. OF ENVIRONMENTAL MANAGEMENT - WATER QUALITY DATA,21AWIC-123973_55170_173,Sample-Routine,Water,,2010-07-14,08:42:00,CST,,,,,,SURFACE,,,,,300,21AWIC,21AWIC-1133,,,,,1,ADEM,ADEM SOPs-2000 Series-Surface Water,Water Bottle,Not Detected,Mercury,Dissolved,,,,Final,,Actual,,,,,,,,,,,,,245.1,USEPA,Mercury in Water by CVAA,https://www.nemi.gov/methods/method_summary/4821/,ADEM - CENTRAL LAB,2010-08-03,,Method Detection Level,0.08,ug/l,,STORET
21AWIC,ALABAMA DEPT. OF ENVIRONMENTAL MANAGEMENT - WATER QUALITY DATA,21AWIC-123973_55170_173,Sample-Routine,Water,,2010-07-14,08:42:00,CST,,,,,,SURFACE,,,,,300,21AWIC,21AWIC-1133,,,,,1,ADEM,ADEM SOPs-2000 Series-Surface Water,Water Bottle,Not Detected,Lead,Dissolved,,,,Final,,Actual,,,,,,,,,,,,,200.9,USEPA,Metals by Temperature Stabilized GFAA,https://www.nemi.gov/methods/method_summary/4797/,ADEM - CENTRAL LAB,2010-07-22,,Method Detection Level,1.69,ug/l,,STORET
21AWIC,ALABAMA DEPT. OF ENVIRONMENTAL MANAGEMENT - WATER QUALITY DATA,21AWIC-123976_55171_173,Sample-Routine,Water,,2010-07-14,09:19:00,CST,,,,,,SURFACE,,,,,300,21AWIC,21AWIC-1133,,,,,1,ADEM,ADEM SOPs-2000 Series-Surface Water,Water Bottle,,Chloride,Total,3.75,mg/l,,Final,,Actual,,,,,,,,,,,,,300.0,USEPA,Determination of Inorganic Anions by Ion Chromatography,,ADEM - CENTRAL LAB,2010-07-16,,,,,,STORET
21AWIC,ALABAMA DEPT. OF ENVIRONMENTAL MANAGEMENT - WATER QUALITY DATA,21AWIC-123976_55172_173,Sample-Routine,Water,,2010-07-14,09:19:00,CST,,,,,,SURFACE,,,,,300,21AWIC,21AWIC-1133,,,,,1,ADEM,ADEM SOPs-2000 Series-Surface Water,Water Bottle,Not Detected,Lead,Dissolved,,,,Final,,Actual,,,,,,,,,,,,,200.9,USEPA,Metals by Temperature Stabilized GFAA,https://www.nemi.gov/methods/method_summary/4797/,ADEM - CENTRAL LAB,2010-07-22,,Method Detection Level,1.69,ug/l,,STORET
21AWIC,ALABAMA DEPT. OF ENVIRONMENTAL MANAGEMENT - WATER QUALITY DATA,21AWIC-123976_55172_173,Sample-Routine,Water,,2010-07-14,09:19:00,CST,,,,,,SURFACE,,,,,300,21AWIC,21AWIC-1133,,,,,1,ADEM,ADEM SOPs-2000 Series-Surface Water,Water Bottle,Not Detected,Mercury,Dissolved,,,,Final,,Actual,,,,,,,,,,,,,245.1,USEPA,Mercury in Water by CVAA,https://www.nemi.gov/methods/method_summary/4821/,ADEM - CENTRAL LAB,2010-08-03,,Method Detection Level,0.08,ug/l,,STORET
21AWIC,ALABAMA DEPT. OF ENVIRONMENTAL MANAGEMENT - WATER QUALITY DATA,21AWIC-123424_53116_173,Sample-Integrated Vertical Profile,Water,,2010-04-20,13:32:00,CST,,,,,,SURFACE,0.1,ft,2.07,m,300,21AWIC,21AWIC-244,,,,,5,ADEM,ADEM SOPs-2000 Series-Surface Water,Water Sampler (Other),,Chloride,Total,6.92,mg/l,,Final,,Actual,,,,,,,,,,,,,300.0,USEPA,Determination of Inorganic Anions by Ion Chromatography,,ADEM - CENTRAL LAB,2010-04-27,,,,,,STORET
21AWIC,ALABAMA DEPT. OF ENVIRONMENTAL MANAGEMENT - WATER QUALITY DATA,21AWIC-133801_59006_173,Sample-Integrated Vertical Profile,Water,,2010-05-18,12:01:00,CST,,,,,,SURFACE,0.1,ft,1.88,m,300,21AWIC,21AWIC-244,,,,,5,ADEM,ADEM SOPs-2000 Series-Surface Water,Water Sampler (Other),,Chloride,Total,6.69,mg/l,,Final,,Actual,,,,,,,,,,,,,300.0,USEPA,Determination of Inorganic Anions by Ion Chromatography,,ADEM - CENTRAL LAB,2010-05-22,,,,,,STORET
21AWIC,ALABAMA DEPT. OF ENVIRONMENTAL MANAGEMENT - WATER QUALITY DATA,21AWIC-137262_61269_173,Sample-Integrated Vertical Profile,Water,,2010-06-22,16:02:00,CST,,,,,,SURFACE,0.1,ft,1.61,m,272,21AWIC,21AWIC-244,,,,,5,ADEM,ADEM SOPs-2000 Series-Surface Water,Water Sampler (Other),,Chloride,Total,6.26,mg/l,,Final,,Actual,,,,,,,,,,,,,300.0,USEPA,Determination of Inorganic Anions by Ion Chromatography,,ADEM - CENTRAL LAB,2010-06-24,,,,,,STORET
21AWIC,ALABAMA DEPT. OF ENVIRONMENTAL MANAGEMENT - WATER QUALITY DATA,21AWIC-122774_52791_173,Sample-Integrated Vertical Profile,Water,,2010-07-20,14:01:00,CST,,,,,,SURFACE,0.1,ft,1.81,m,300,21AWIC,21AWIC-244,,,,,5,ADEM,ADEM SOPs-2000 Series-Surface Water,Water Sampler (Other),,Chloride,Total,6.77,mg/l,,Final,,Actual,,,,,,,,,,,,,300.0,USEPA,Determination of Inorganic Anions by Ion Chromatography,,ADEM - CENTRAL LAB,2010-07-23,,,,,,STORET
21AWIC,ALABAMA DEPT. OF ENVIRONMENTAL MANAGEMENT - WATER QUALITY DATA,21AWIC-125056_61371_173,Sample-Integrated Vertical Profile,Water,,2010-08-17,14:48:00,CST,,,,,,SURFACE,0.1,ft,2.72,m,272,21AWIC,21AWIC-244,,,,,5,ADEM,ADEM SOPs-2000 Series-Surface Water,Water Sampler (Other),,Chloride,Total,7.86,mg/l,,Final,,Actual,,,,,,,,,,,,,300.0,USEPA,Determination of Inorganic Anions by Ion Chromatography,,ADEM - CENTRAL LAB,2010-08-20,,,,,,STORET
21AWIC,ALABAMA DEPT. OF ENVIRONMENTAL MANAGEMENT - WATER QUALITY DATA,21AWIC-134463_59485_173,Sample-Integrated Vertical Profile,Water,,2010-09-21,12:26:00,CST,,,,,,SURFACE,0.1,ft,1.90,m,300,21AWIC,21AWIC-244,,,,,5,ADEM,ADEM SOPs-2000 Series-Surface Water,Water Sampler (Other),,Chloride,Total,9.76,mg/l,,Final,,Actual,,,,,,,,,,,,,300.0,USEPA,Determination of Inorganic Anions by Ion Chromatography,,ADEM - CENTRAL LAB,2010-09-23,,,,,,STORET
21AWIC,ALABAMA DEPT. OF ENVIRONMENTAL MANAGEMENT - WATER QUALITY DATA,21AWIC-135017_59965_173,Sample-Integrated Vertical Profile,Water,,2010-10-19,12:27:00,CST,,,,,,SURFACE,0.1,ft,2.29,m,300,21AWIC,21AWIC-244,,,,,5,ADEM,ADEM SOPs-2000 Series-Surface Water,Water Sampler (Other),,Chloride,Total,11.95,mg/l,,Final,,Actual,,,,,,,,,,,,,300.0,USEPA,Determination of Inorganic Anions by Ion Chromatography,,ADEM - CENTRAL LAB,2010-10-21,,,,,,STORET
21AWIC,ALABAMA DEPT. OF ENVIRONMENTAL MANAGEMENT - WATER QUALITY DATA,21AWIC-220640_123197_173,Sample-Integrated Vertical Profile,Water,,2015-04-28,15:23:00,CDT,,,,,,SURFACE,0.1,ft,1.81,m,646,21AWIC,21AWIC-244,,,,,5,ADEM,ADEM SOPs-2000 Series-Surface Water,Water Sampler (Other),,Chloride,Total,4.44,mg/l,,Final,,Actual,,,,,,,,,,,,,300.0,USEPA,Determination of Inorganic Anions by Ion Chromatography,,ADEM - CENTRAL LAB,2015-04-30,,,,,,STORET
21AWIC,ALABAMA DEPT. OF ENVIRONMENTAL MANAGEMENT - WATER QUALITY DATA,21AWIC-222140_123734_173,Sample-Integrated Vertical Profile,Water,,2015-05-26,15:26:00,CDT,,,,,,SURFACE,0.1,ft,1.09,m,646,21AWIC,21AWIC-244,,,,,5,ADEM,ADEM SOPs-2000 Series-Surface Water,Water Sampler (Other),,Chloride,Total,6.07,mg/l,,Final,,Actual,,,,,,,,,,,,,300.0,USEPA,Determination of Inorganic Anions by Ion Chromatography,,ADEM - CENTRAL LAB,2015-05-28,,,,,,STORET
21AWIC,ALABAMA DEPT. OF ENVIRONMENTAL MANAGEMENT - WATER QUALITY DATA,21AWIC-225899_125073_173,Sample-Integrated Vertical Profile,Water,,2015-06-23,15:55:00,CDT,,,,,,SURFACE,0.1,ft,2.46,m,646,21AWIC,21AWIC-244,,,,,5,ADEM,ADEM SOPs-2000 Series-Surface Water,Water Sampler (Other),,Chloride,Total,6.28,mg/l,,Final,,Actual,,,,,,,,,,,,,300.0,USEPA,Determination of Inorganic Anions by Ion Chromatography,,ADEM - CENTRAL LAB,2015-06-25,,,,,,STORET
21AWIC,ALABAMA DEPT. OF ENVIRONMENTAL MANAGEMENT - WATER QUALITY DATA,21AWIC-226183_125301_173,Sample-Integrated Vertical Profile,Water,,2015-07-28,15:52:00,CDT,,,,,,SURFACE,0.1,ft,3.24,m,646,21AWIC,21AWIC-244,,,,,5,ADEM,ADEM SOPs-2000 Series-Surface Water,Water Sampler (Other),,Chloride,Total,6.1,mg/l,,Final,,Actual,,,,,,,,,,,,,300.0,USEPA,Determination of Inorganic Anions by Ion Chromatography,,ADEM - CENTRAL LAB,2015-07-30,,,,,,STORET
21AWIC,ALABAMA DEPT. OF ENVIRONMENTAL MANAGEMENT - WATER QUALITY DATA,21AWIC-228921_126460_173,Sample-Integrated Vertical Profile,Water,,2015-08-25,15:36:00,CDT,,,,,,SURFACE,0.1,ft,3.54,m,646,21AWIC,21AWIC-244,,,,,5,ADEM,ADEM SOPs-2000 Series-Surface Water,Water Sampler (Other),,Chloride,Total,7.89,mg/l,,Final,,Actual,,,,,,,,,,,,,300.0,USEPA,Determination of Inorganic Anions by Ion Chromatography,,ADEM - CENTRAL LAB,2015-08-27,,,,,,STORET
21AWIC,ALABAMA DEPT. OF ENVIRONMENTAL MANAGEMENT - WATER QUALITY DATA,21AWIC-229270_126635_173,Sample-Integrated Vertical Profile,Water,,2015-09-28,15:49:00,CDT,,,,,,SURFACE,0.1,ft,2.83,m,646,21AWIC,21AWIC-244,,,,,5,ADEM,ADEM SOPs-2000 Series-Surface Water,Water Sampler (Other),,Chloride,Total,10.2,mg/l,,Final,,Actual,,,,,,,,,,,,,300.0,USEPA,Determination of Inorganic Anions by Ion Chromatography,,ADEM - CENTRAL LAB,2015-09-30,,,,,,STORET
21AWIC,ALABAMA DEPT. OF ENVIRONMENTAL MANAGEMENT - WATER QUALITY DATA,21AWIC-230934_127547_173,Sample-Integrated Vertical Profile,Water,,2015-10-26,16:09:00,CDT,,,,,,SURFACE,0.1,ft,3.78,m,646,21AWIC,21AWIC-244,,,,,5,ADEM,ADEM SOPs-2000 Series-Surface Water,Water Sampler (Other),,Chloride,Total,8.55,mg/l,,Final,,Actual,,,,,,,,,,,,,300.0,USEPA,Determination of Inorganic Anions by Ion Chromatography,,ADEM - CENTRAL LAB,2015-10-29,,,,,,STORET
21AWIC,ALABAMA DEPT. OF ENVIRONMENTAL MANAGEMENT - WATER QUALITY DATA,21AWIC-262872_141612_173,Sample-Integrated Vertical Profile,Water,,2018-04-25,14:10:00,CST,,,,,,SURFACE,0.1,ft,1.26,m,815,21AWIC,21AWIC-244,,,,,5,ADEM,ADEM SOPs-2000 Series-Surface Water,Water Sampler (Other),,Chloride,Total,4.51,mg/l,,Final,,Actual,,,,,,,,,,,,,300.0,USEPA,Determination of Inorganic Anions by Ion Chromatography,,ADEM - CENTRAL LAB,2018-04-28,,,,,,STORET
21AWIC,ALABAMA DEPT. OF ENVIRONMENTAL MANAGEMENT - WATER QUALITY DATA,21AWIC-264763_142342_173,Sample-Integrated Vertical Profile,Water,,2018-05-30,14:09:00,CST,,,,,,SURFACE,0.1,ft,1.43,m,815,21AWIC,21AWIC-244,,,,,5,ADEM,ADEM SOPs-2000 Series-Surface Water,Water Sampler (Other),,Chloride,Total,5.65,mg/l,,Final,,Actual,,,,,,,,,,,,,300.0,USEPA,Determination of Inorganic Anions by Ion Chromatography,,ADEM - CENTRAL LAB,2018-06-01,,,,,,STORET
21AWIC,ALABAMA DEPT. OF ENVIRONMENTAL MANAGEMENT - WATER QUALITY DATA,21AWIC-265848_142590_173,Sample-Integrated Vertical Profile,Water,,2018-06-27,14:22:00,CST,,,,,,SURFACE,0.1,ft,2,m,815,21AWIC,21AWIC-244,,,,,5,ADEM,ADEM SOPs-2000 Series-Surface Water,Water Sampler (Other),,Chloride,Total,5.42,mg/l,,Final,,Actual,,,,,,,,,,,,,300.0,USEPA,Determination of Inorganic Anions by Ion Chromatography,,ADEM - CENTRAL LAB,2018-06-30,,,,,,STORET
21AWIC,ALABAMA DEPT. OF ENVIRONMENTAL MANAGEMENT - WATER QUALITY DATA,21AWIC-267175_143419_173,Sample-Integrated Vertical Profile,Water,,2018-07-25,13:43:00,CDT,,,,,,SURFACE,0.1,ft,1.89,m,815,21AWIC,21AWIC-244,,,,,5,ADEM,ADEM SOPs-2000 Series-Surface Water,Water Sampler (Other),,Chloride,Total,6.26,mg/l,,Final,,Actual,,,,,,,,,,,,,300.0,USEPA,Determination of Inorganic Anions by Ion Chromatography,,ADEM - CENTRAL LAB,2018-07-27,,,,,,STORET
21AWIC,ALABAMA DEPT. OF ENVIRONMENTAL MANAGEMENT - WATER QUALITY DATA,21AWIC-269646_143763_173,Sample-Integrated Vertical Profile,Water,,2018-08-28,12:43:00,CST,,,,,,SURFACE,0.1,ft,1.64,m,815,21AWIC,21AWIC-244,,,,,5,ADEM,ADEM SOPs-2000 Series-Surface Water,Water Sampler (Other),,Chloride,Total,6.62,mg/l,,Final,,Actual,,,,,,,,,,,,,300.0,USEPA,Determination of Inorganic Anions by Ion Chromatography,,ADEM - CENTRAL LAB,2018-08-30,,,,,,STORET
21AWIC,ALABAMA DEPT. OF ENVIRONMENTAL MANAGEMENT - WATER QUALITY DATA,21AWIC-272223_144703_173,Sample-Integrated Vertical Profile,Water,,2018-09-26,12:54:00,CST,,,,,,SURFACE,0.1,ft,3.20,m,815,21AWIC,21AWIC-244,,,,,5,ADEM,ADEM SOPs-2000 Series-Surface Water,Water Sampler (Other),,Chloride,Total,8.7,mg/l,,Final,,Actual,,,,,,,,,,,,,300.0,USEPA,Determination of Inorganic Anions by Ion Chromatography,,ADEM - CENTRAL LAB,2018-10-04,,,,,,STORET
21AWIC,ALABAMA DEPT. OF ENVIRONMENTAL MANAGEMENT - WATER QUALITY DATA,21AWIC-273201_145213_173,Sample-Integrated Vertical Profile,Water,,2018-10-24,13:24:00,CST,,,,,,SURFACE,0.1,ft,2.83,m,815,21AWIC,21AWIC-244,,,,,5,ADEM,ADEM SOPs-2000 Series-Surface Water,Water Sampler (Other),,Chloride,Total,8.81,mg/l,,Final,,Actual,,,,,,,,,,,,,300.0,USEPA,Determination of Inorganic Anions by Ion Chromatography,,ADEM - CENTRAL LAB,2018-11-09,,,,,,STORET
21AWIC,ALABAMA DEPT. OF ENVIRONMENTAL MANAGEMENT - WATER QUALITY DATA,21AWIC-123433_53124_173,Sample-Integrated Vertical Profile,Water,,2010-04-21,09:10:00,CST,,,,,,SURFACE,0.1,ft,2.73,m,300,21AWIC,21AWIC-245,,,,,5,ADEM,ADEM SOPs-2000 Series-Surface Water,Water Sampler (Other),,Chloride,Total,4.23,mg/l,,Final,,Actual,,,,,,,,,,,,,300.0,USEPA,Determination of Inorganic Anions by Ion Chromatography,,ADEM - CENTRAL LAB,2010-04-27,,,,,,STORET
21AWIC,ALABAMA DEPT. OF ENVIRONMENTAL MANAGEMENT - WATER QUALITY DATA,21AWIC-133818_59029_173,Sample-Integrated Vertical Profile,Water,,2010-05-19,08:54:00,CST,,,,,,SURFACE,0.1,ft,2.72,m,300,21AWIC,21AWIC-245,,,,,5,ADEM,ADEM SOPs-2000 Series-Surface Water,Water Sampler (Other),,Chloride,Total,5.02,mg/l,,Final,,Actual,,,,,,,,,,,,,300.0,USEPA,Determination of Inorganic Anions by Ion Chromatography,,ADEM - CENTRAL LAB,2010-05-22,,,,,,STORET
21AWIC,ALABAMA DEPT. OF ENVIRONMENTAL MANAGEMENT - WATER QUALITY DATA,21AWIC-137268_61277_173,Sample-Integrated Vertical Profile,Water,,2010-06-23,08:55:00,CST,,,,,,SURFACE,0.1,ft,2.55,m,272,21AWIC,21AWIC-245,,,,,5,ADEM,ADEM SOPs-2000 Series-Surface Water,Water Sampler (Other),,Chloride,Total,6.11,mg/l,,Final,,Actual,,,,,,,,,,,,,300.0,USEPA,Determination of Inorganic Anions by Ion Chromatography,,ADEM - CENTRAL LAB,2010-06-24,,,,,,STORET
21AWIC,ALABAMA DEPT. OF ENVIRONMENTAL MANAGEMENT - WATER QUALITY DATA,21AWIC-122794_52810_173,Sample-Integrated Vertical Profile,Water,,2010-07-21,09:46:00,CST,,,,,,SURFACE,0.1,ft,2.61,m,300,21AWIC,21AWIC-245,,,,,5,ADEM,ADEM SOPs-2000 Series-Surface Water,Water Sampler (Other),,Chloride,Total,6.41,mg/l,,Final,,Actual,,,,,,,,,,,,,300.0,USEPA,Determination of Inorganic Anions by Ion Chromatography,,ADEM - CENTRAL LAB,2010-07-23,,,,,,STORET
21AWIC,ALABAMA DEPT. OF ENVIRONMENTAL MANAGEMENT - WATER QUALITY DATA,21AWIC-137340_61383_173,Sample-Integrated Vertical Profile,Water,,2010-08-18,08:59:00,CST,,,,,,SURFACE,0.1,ft,3.06,m,272,21AWIC,21AWIC-245,,,,,5,ADEM,ADEM SOPs-2000 Series-Surface Water,Water Sampler (Other),,Chloride,Total,6.73,mg/l,,Final,,Actual,,,,,,,,,,,,,300.0,USEPA,Determination of Inorganic Anions by Ion Chromatography,,ADEM - CENTRAL LAB,2010-08-20,,,,,,STORET
21AWIC,ALABAMA DEPT. OF ENVIRONMENTAL MANAGEMENT - WATER QUALITY DATA,21AWIC-134523_59505_173,Sample-Integrated Vertical Profile,Water,,2010-09-22,08:59:00,CST,,,,,,SURFACE,0.1,ft,3.62,m,300,21AWIC,21AWIC-245,,,,,5,ADEM,ADEM SOPs-2000 Series-Surface Water,Water Sampler (Other),,Chloride,Total,7.66,mg/l,,Final,,Actual,,,,,,,,,,,,,300.0,USEPA,Determination of Inorganic Anions by Ion Chromatography,,ADEM - CENTRAL LAB,2010-09-23,,,,,,STORET
21AWIC,ALABAMA DEPT. OF ENVIRONMENTAL MANAGEMENT - WATER QUALITY DATA,21AWIC-135048_59973_173,Sample-Integrated Vertical Profile,Water,,2010-10-20,09:37:00,CST,,,,,,SURFACE,0.1,ft,3.24,m,300,21AWIC,21AWIC-245,,,,,5,ADEM,ADEM SOPs-2000 Series-Surface Water,Water Sampler (Other),,Chloride,Total,10.14,mg/l,,Final,,Actual,,,,,,,,,,,,,300.0,USEPA,Determination of Inorganic Anions by Ion Chromatography,,ADEM - CENTRAL LAB,2010-10-22,,,,,,STORET
21AWIC,ALABAMA DEPT. OF ENVIRONMENTAL MANAGEMENT - WATER QUALITY DATA,21AWIC-189327_95767_173,Sample-Integrated Vertical Profile,Water,,2013-04-24,15:09:00,CST,,,,,,SURFACE,0.1,ft,2.63,m,484,21AWIC,21AWIC-245,,,,,5,ADEM,ADEM SOPs-2000 Series-Surface Water,Water Sampler (Other),,Chloride,Total,3.98,mg/l,,Final,,Actual,,,,,,,,,,,,,300.0,USEPA,Determination of Inorganic Anions by Ion Chromatography,,ADEM - CENTRAL LAB,2013-04-30,,,,,,STORET
21AWIC,ALABAMA DEPT. OF ENVIRONMENTAL MANAGEMENT - WATER QUALITY DATA,21AWIC-191643_96611_173,Sample-Integrated Vertical Profile,Water,,2013-05-21,14:49:00,CST,,,,,,SURFACE,0.1,ft,2.05,m,484,21AWIC,21AWIC-245,,,,,5,ADEM,ADEM SOPs-2000 Series-Surface Water,Water Sampler (Other),,Chloride,Total,3.46,mg/l,,Final,,Actual,,,,,,,,,,,,,300.0,USEPA,Determination of Inorganic Anions by Ion Chromatography,,ADEM - CENTRAL LAB,2013-05-24,,,,,,STORET
21AWIC,ALABAMA DEPT. OF ENVIRONMENTAL MANAGEMENT - WATER QUALITY DATA,21AWIC-192412_96896_173,Sample-Integrated Vertical Profile,Water,,2013-06-25,15:36:00,CST,,,,,,SURFACE,0.1,ft,3.04,m,484,21AWIC,21AWIC-245,,,,,5,ADEM,ADEM SOPs-2000 Series-Surface Water,Water Sampler (Other),,Chloride,Total,4.19,mg/l,,Final,,Actual,,,,,,,,,,,,,300.0,USEPA,Determination of Inorganic Anions by Ion Chromatography,,ADEM - CENTRAL LAB,2013-06-27,,,,,,STORET
21AWIC,ALABAMA DEPT. OF ENVIRONMENTAL MANAGEMENT - WATER QUALITY DATA,21AWIC-194366_97907_173,Sample-Integrated Vertical Profile,Water,,2013-07-30,14:36:00,CST,,,,,,SURFACE,0.1,ft,2.49,m,484,21AWIC,21AWIC-245,,,,,5,ADEM,ADEM SOPs-2000 Series-Surface Water,Water Sampler (Other),,Chloride,Total,3.56,mg/l,,Final,,Actual,,,,,,,,,,,,,300.0,USEPA,Determination of Inorganic Anions by Ion Chromatography,,ADEM - CENTRAL LAB,2013-08-02,,,,,,STORET
21AWIC,ALABAMA DEPT. OF ENVIRONMENTAL MANAGEMENT - WATER QUALITY DATA,21AWIC-200451_99541_173,Sample-Integrated Vertical Profile,Water,,2013-08-27,14:35:00,CST,,,,,,SURFACE,0.1,ft,2.39,m,484,21AWIC,21AWIC-245,,,,,5,ADEM,ADEM SOPs-2000 Series-Surface Water,Water Sampler (Other),,Chloride,Total,4.21,mg/l,,Final,,Actual,,,,,,,,,,,,,300.0,USEPA,Determination of Inorganic Anions by Ion Chromatography,,ADEM - CENTRAL LAB,2013-08-29,,,,,,STORET
21AWIC,ALABAMA DEPT. OF ENVIRONMENTAL MANAGEMENT - WATER QUALITY DATA,21AWIC-201690_100029_173,Sample-Integrated Vertical Profile,Water,,2013-09-25,15:50:00,CST,,,,,,SURFACE,0.1,ft,3.09,m,484,21AWIC,21AWIC-245,,,,,5,ADEM,ADEM SOPs-2000 Series-Surface Water,Water Sampler (Other),,Chloride,Total,7.33,mg/l,,Final,,Actual,,,,,,,,,,,,,300.0,USEPA,Determination of Inorganic Anions by Ion Chromatography,,ADEM - CENTRAL LAB,2013-09-30,,,,,,STORET
21AWIC,ALABAMA DEPT. OF ENVIRONMENTAL MANAGEMENT - WATER QUALITY DATA,21AWIC-202467_100767_173,Sample-Integrated Vertical Profile,Water,,2013-10-30,14:54:00,CST,,,,,,SURFACE,0.1,ft,2.73,m,484,21AWIC,21AWIC-245,,,,,5,ADEM,ADEM SOPs-2000 Series-Surface Water,Water Sampler (Other),,Chloride,Total,6.95,mg/l,,Final,,Actual,,,,,,,,,,,,,300.0,USEPA,Determination of Inorganic Anions by Ion Chromatography,,ADEM - CENTRAL LAB,2013-11-02,,,,,,STORET
21AWIC,ALABAMA DEPT. OF ENVIRONMENTAL MANAGEMENT - WATER QUALITY DATA,21AWIC-220648_123201_173,Sample-Integrated Vertical Profile,Water,,2015-04-29,08:35:00,CDT,,,,,,SURFACE,0.1,ft,2.52,m,646,21AWIC,21AWIC-245,,,,,5,ADEM,ADEM SOPs-2000 Series-Surface Water,Water Sampler (Other),,Chloride,Total,4.1,mg/l,,Final,,Actual,,,,,,,,,,,,,300.0,USEPA,Determination of Inorganic Anions by Ion Chromatography,,ADEM - CENTRAL LAB,2015-05-01,,,,,,STORET
21AWIC,ALABAMA DEPT. OF ENVIRONMENTAL MANAGEMENT - WATER QUALITY DATA,21AWIC-222187_123753_173,Sample-Integrated Vertical Profile,Water,,2015-05-27,08:30:00,CDT,,,,,,SURFACE,0.1,ft,2.83,m,646,21AWIC,21AWIC-245,,,,,5,ADEM,ADEM SOPs-2000 Series-Surface Water,Water Sampler (Other),,Chloride,Total,5.44,mg/l,,Final,,Actual,,,,,,,,,,,,,300.0,USEPA,Determination of Inorganic Anions by Ion Chromatography,,ADEM - CENTRAL LAB,2015-05-29,,,,,,STORET
21AWIC,ALABAMA DEPT. OF ENVIRONMENTAL MANAGEMENT - WATER QUALITY DATA,21AWIC-225917_125087_173,Sample-Integrated Vertical Profile,Water,,2015-06-24,08:01:00,CDT,,,,,,SURFACE,0.1,ft,2.89,m,646,21AWIC,21AWIC-245,,,,,5,ADEM,ADEM SOPs-2000 Series-Surface Water,Water Sampler (Other),,Chloride,Total,6.23,mg/l,,Final,,Actual,,,,,,,,,,,,,300.0,USEPA,Determination of Inorganic Anions by Ion Chromatography,,ADEM - CENTRAL LAB,2015-06-25,,,,,,STORET
21AWIC,ALABAMA DEPT. OF ENVIRONMENTAL MANAGEMENT - WATER QUALITY DATA,21AWIC-226195_125332_173,Sample-Integrated Vertical Profile,Water,,2015-07-29,07:57:00,CDT,,,,,,SURFACE,0.1,ft,2.92,m,646,21AWIC,21AWIC-245,,,,,5,ADEM,ADEM SOPs-2000 Series-Surface Water,Water Sampler (Other),,Chloride,Total,7.5,mg/l,,Final,,Actual,,,,,,,,,,,,,300.0,USEPA,Determination of Inorganic Anions by Ion Chromatography,,ADEM - CENTRAL LAB,2015-07-30,,,,,,STORET
21AWIC,ALABAMA DEPT. OF ENVIRONMENTAL MANAGEMENT - WATER QUALITY DATA,21AWIC-228929_126466_173,Sample-Integrated Vertical Profile,Water,,2015-08-26,08:06:00,CDT,,,,,,SURFACE,0.1,ft,3.25,m,646,21AWIC,21AWIC-245,,,,,5,ADEM,ADEM SOPs-2000 Series-Surface Water,Water Sampler (Other),,Chloride,Total,8.29,mg/l,,Final,,Actual,,,,,,,,,,,,,300.0,USEPA,Determination of Inorganic Anions by Ion Chromatography,,ADEM - CENTRAL LAB,2015-08-28,,,,,,STORET
21AWIC,ALABAMA DEPT. OF ENVIRONMENTAL MANAGEMENT - WATER QUALITY DATA,21AWIC-229281_126605_173,Sample-Integrated Vertical Profile,Water,,2015-09-29,08:09:00,CDT,,,,,,SURFACE,0.1,ft,4.31,m,646,21AWIC,21AWIC-245,,,,,5,ADEM,ADEM SOPs-2000 Series-Surface Water,Water Sampler (Other),,Chloride,Total,8.69,mg/l,,Final,,Actual,,,,,,,,,,,,,300.0,USEPA,Determination of Inorganic Anions by Ion Chromatography,,ADEM - CENTRAL LAB,2015-10-01,,,,,,STORET
21AWIC,ALABAMA DEPT. OF ENVIRONMENTAL MANAGEMENT - WATER QUALITY DATA,21AWIC-231167_127623_173,Sample-Integrated Vertical Profile,Water,,2015-10-27,08:39:00,CDT,,,,,,SURFACE,0.1,ft,2.92,m,646,21AWIC,21AWIC-245,,,,,5,ADEM,ADEM SOPs-2000 Series-Surface Water,Water Sampler (Other),,Chloride,Total,9.94,mg/l,,Final,,Actual,,,,,,,,,,,,,300.0,USEPA,Determination of Inorganic Anions by Ion Chromatography,,ADEM - CENTRAL LAB,2015-10-29,,,,,,STORET
21AWIC,ALABAMA DEPT. OF ENVIRONMENTAL MANAGEMENT - WATER QUALITY DATA,21AWIC-262882_141618_173,Sample-Integrated Vertical Profile,Water,,2018-04-26,09:52:00,CST,,,,,,SURFACE,0.1,ft,2.26,m,815,21AWIC,21AWIC-245,,,,,5,ADEM,ADEM SOPs-2000 Series-Surface Water,Water Sampler (Other),,Chloride,Total,4.84,mg/l,,Final,,Actual,,,,,,,,,,,,,300.0,USEPA,Determination of Inorganic Anions by Ion Chromatography,,ADEM - CENTRAL LAB,2018-04-28,,,,,,STORET
21AWIC,ALABAMA DEPT. OF ENVIRONMENTAL MANAGEMENT - WATER QUALITY DATA,21AWIC-264772_142381_173,Sample-Integrated Vertical Profile,Water,,2018-05-31,09:31:00,CST,,,,,,SURFACE,0.1,ft,1.20,m,815,21AWIC,21AWIC-245,,,,,5,ADEM,ADEM SOPs-2000 Series-Surface Water,Water Sampler (Other),,Chloride,Total,3.65,mg/l,,Final,,Actual,,,,,,,,,,,,,300.0,USEPA,Determination of Inorganic Anions by Ion Chromatography,,ADEM - CENTRAL LAB,2018-06-01,,,,,,STORET
21AWIC,ALABAMA DEPT. OF ENVIRONMENTAL MANAGEMENT - WATER QUALITY DATA,21AWIC-265866_142602_173,Sample-Integrated Vertical Profile,Water,,2018-06-28,09:10:00,CDT,,,,,,SURFACE,0.1,ft,2.23,m,815,21AWIC,21AWIC-245,,,,,5,ADEM,ADEM SOPs-2000 Series-Surface Water,Water Sampler (Other),,Chloride,Total,6.66,mg/l,,Final,,Actual,,,,,,,,,,,,,300.0,USEPA,Determination of Inorganic Anions by Ion Chromatography,,ADEM - CENTRAL LAB,2018-07-01,,,,,,STORET
21AWIC,ALABAMA DEPT. OF ENVIRONMENTAL MANAGEMENT - WATER QUALITY DATA,21AWIC-267305_143422_173,Sample-Integrated Vertical Profile,Water,,2018-07-26,07:50:00,CDT,,,,,,SURFACE,0.1,ft,2.16,m,815,21AWIC,21AWIC-245,,,,,5,ADEM,ADEM SOPs-2000 Series-Surface Water,Water Sampler (Other),,Chloride,Total,7.7,mg/l,,Final,,Actual,,,,,,,,,,,,,300.0,USEPA,Determination of Inorganic Anions by Ion Chromatography,,ADEM - CENTRAL LAB,2018-07-27,,,,,,STORET
21AWIC,ALABAMA DEPT. OF ENVIRONMENTAL MANAGEMENT - WATER QUALITY DATA,21AWIC-269684_143775_173,Sample-Integrated Vertical Profile,Water,,2018-08-29,08:32:00,CST,,,,,,SURFACE,0.1,ft,3.48,m,815,21AWIC,21AWIC-245,,,,,5,ADEM,ADEM SOPs-2000 Series-Surface Water,Water Sampler (Other),,Chloride,Total,7.68,mg/l,,Final,,Actual,,,,,,,,,,,,,300.0,USEPA,Determination of Inorganic Anions by Ion Chromatography,,ADEM - CENTRAL LAB,2018-08-31,,,,,,STORET
21AWIC,ALABAMA DEPT. OF ENVIRONMENTAL MANAGEMENT - WATER QUALITY DATA,21AWIC-272253_144715_173,Sample-Integrated Vertical Profile,Water,,2018-09-27,08:37:00,CST,,,,,,SURFACE,0.1,ft,2.40,m,815,21AWIC,21AWIC-245,,,,,5,ADEM,ADEM SOPs-2000 Series-Surface Water,Water Sampler (Other),,Chloride,Total,8.06,mg/l,,Final,,Actual,,,,,,,,,,,,,300.0,USEPA,Determination of Inorganic Anions by Ion Chromatography,,ADEM - CENTRAL LAB,2018-10-04,,,,,,STORET
21AWIC,ALABAMA DEPT. OF ENVIRONMENTAL MANAGEMENT - WATER QUALITY DATA,21AWIC-273213_145216_173,Sample-Integrated Vertical Profile,Water,,2018-10-25,09:25:00,CST,,,,,,SURFACE,0.1,ft,2.17,m,815,21AWIC,21AWIC-245,,,,,5,ADEM,ADEM SOPs-2000 Series-Surface Water,Water Sampler (Other),,Chloride,Total,7.2,mg/l,,Final,,Actual,,,,,,,,,,,,,300.0,USEPA,Determination of Inorganic Anions by Ion Chromatography,,ADEM - CENTRAL LAB,2018-11-09,,,,,,STORET
21AWIC,ALABAMA DEPT. OF ENVIRONMENTAL MANAGEMENT - WATER QUALITY DATA,21AWIC-123432_53122_173,Sample-Integrated Vertical Profile,Water,,2010-04-21,07:59:00,CST,,,,,,SURFACE,0.1,ft,2.62,m,300,21AWIC,21AWIC-246,,,,,5,ADEM,ADEM SOPs-2000 Series-Surface Water,Water Sampler (Other),,Chloride,Total,4.06,mg/l,,Final,,Actual,,,,,,,,,,,,,300.0,USEPA,Determination of Inorganic Anions by Ion Chromatography,,ADEM - CENTRAL LAB,2010-04-27,,,,,,STORET
21AWIC,ALABAMA DEPT. OF ENVIRONMENTAL MANAGEMENT - WATER QUALITY DATA,21AWIC-133814_59027_173,Sample-Integrated Vertical Profile,Water,,2010-05-19,07:15:00,CST,,,,,,SURFACE,0.1,ft,2.63,m,300,21AWIC,21AWIC-246,,,,,5,ADEM,ADEM SOPs-2000 Series-Surface Water,Water Sampler (Other),,Chloride,Total,3.78,mg/l,,Final,,Actual,,,,,,,,,,,,,300.0,USEPA,Determination of Inorganic Anions by Ion Chromatography,,ADEM - CENTRAL LAB,2010-05-22,,,,,,STORET
21AWIC,ALABAMA DEPT. OF ENVIRONMENTAL MANAGEMENT - WATER QUALITY DATA,21AWIC-137267_61275_173,Sample-Integrated Vertical Profile,Water,,2010-06-23,07:52:00,CST,,,,,,SURFACE,0.1,ft,2.63,m,272,21AWIC,21AWIC-246,,,,,5,ADEM,ADEM SOPs-2000 Series-Surface Water,Water Sampler (Other),,Chloride,Total,4.9,mg/l,,Final,,Actual,,,,,,,,,,,,,300.0,USEPA,Determination of Inorganic Anions by Ion Chromatography,,ADEM - CENTRAL LAB,2010-06-24,,,,,,STORET
21AWIC,ALABAMA DEPT. OF ENVIRONMENTAL MANAGEMENT - WATER QUALITY DATA,21AWIC-122789_52808_173,Sample-Integrated Vertical Profile,Water,,2010-07-21,08:13:00,CST,,,,,,SURFACE,0.1,ft,2.87,m,300,21AWIC,21AWIC-246,,,,,5,ADEM,ADEM SOPs-2000 Series-Surface Water,Water Sampler (Other),,Chloride,Total,6.14,mg/l,,Final,,Actual,,,,,,,,,,,,,300.0,USEPA,Determination of Inorganic Anions by Ion Chromatography,,ADEM - CENTRAL LAB,2010-07-23,,,,,,STORET
21AWIC,ALABAMA DEPT. OF ENVIRONMENTAL MANAGEMENT - WATER QUALITY DATA,21AWIC-125065_61381_173,Sample-Integrated Vertical Profile,Water,,2010-08-18,07:39:00,CST,,,,,,SURFACE,0.1,ft,2.44,m,272,21AWIC,21AWIC-246,,,,,5,ADEM,ADEM SOPs-2000 Series-Surface Water,Water Sampler (Other),,Chloride,Total,8,mg/l,,Final,,Actual,,,,,,,,,,,,,300.0,USEPA,Determination of Inorganic Anions by Ion Chromatography,,ADEM - CENTRAL LAB,2010-08-20,,,,,,STORET
21AWIC,ALABAMA DEPT. OF ENVIRONMENTAL MANAGEMENT - WATER QUALITY DATA,21AWIC-134499_59492_173,Sample-Integrated Vertical Profile,Water,,2010-09-22,07:46:00,CST,,,,,,SURFACE,0.1,ft,3.47,m,300,21AWIC,21AWIC-246,,,,,5,ADEM,ADEM SOPs-2000 Series-Surface Water,Water Sampler (Other),,Chloride,Total,7.57,mg/l,,Final,,Actual,,,,,,,,,,,,,300.0,USEPA,Determination of Inorganic Anions by Ion Chromatography,,ADEM - CENTRAL LAB,2010-09-23,,,,,,STORET
21AWIC,ALABAMA DEPT. OF ENVIRONMENTAL MANAGEMENT - WATER QUALITY DATA,21AWIC-135044_59971_173,Sample-Integrated Vertical Profile,Water,,2010-10-20,08:21:00,CST,,,,,,SURFACE,0.1,ft,3.07,m,300,21AWIC,21AWIC-246,,,,,5,ADEM,ADEM SOPs-2000 Series-Surface Water,Water Sampler (Other),,Chloride,Total,9.49,mg/l,,Final,,Actual,,,,,,,,,,,,,300.0,USEPA,Determination of Inorganic Anions by Ion Chromatography,,ADEM - CENTRAL LAB,2010-10-22,,,,,,STORET
21AWIC,ALABAMA DEPT. OF ENVIRONMENTAL MANAGEMENT - WATER QUALITY DATA,21AWIC-189297_95766_173,Sample-Integrated Vertical Profile,Water,,2013-04-24,14:02:00,CST,,,,,,SURFACE,0.1,ft,2.47,m,484,21AWIC,21AWIC-246,,,,,5,ADEM,ADEM SOPs-2000 Series-Surface Water,Water Sampler (Other),,Chloride,Total,3.53,mg/l,,Final,,Actual,,,,,,,,,,,,,300.0,USEPA,Determination of Inorganic Anions by Ion Chromatography,,ADEM - CENTRAL LAB,2013-04-30,,,,,,STORET
21AWIC,ALABAMA DEPT. OF ENVIRONMENTAL MANAGEMENT - WATER QUALITY DATA,21AWIC-191635_96605_173,Sample-Integrated Vertical Profile,Water,,2013-05-21,13:41:00,CST,,,,,,SURFACE,0.1,ft,2.25,m,484,21AWIC,21AWIC-246,,,,,5,ADEM,ADEM SOPs-2000 Series-Surface Water,Water Sampler (Other),,Chloride,Total,3.81,mg/l,,Final,,Actual,,,,,,,,,,,,,300.0,USEPA,Determination of Inorganic Anions by Ion Chromatography,,ADEM - CENTRAL LAB,2013-05-23,,,,,,STORET
21AWIC,ALABAMA DEPT. OF ENVIRONMENTAL MANAGEMENT - WATER QUALITY DATA,21AWIC-192411_96895_173,Sample-Integrated Vertical Profile,Water,,2013-06-25,14:40:00,CST,,,,,,SURFACE,0.1,ft,2.68,m,484,21AWIC,21AWIC-246,,,,,5,ADEM,ADEM SOPs-2000 Series-Surface Water,Water Sampler (Other),,Chloride,Total,4.19,mg/l,,Final,,Actual,,,,,,,,,,,,,300.0,USEPA,Determination of Inorganic Anions by Ion Chromatography,,ADEM - CENTRAL LAB,2013-06-27,,,,,,STORET
21AWIC,ALABAMA DEPT. OF ENVIRONMENTAL MANAGEMENT - WATER QUALITY DATA,21AWIC-194363_97906_173,Sample-Integrated Vertical Profile,Water,,2013-07-30,13:16:00,CST,,,,,,SURFACE,0.1,ft,1.90,m,484,21AWIC,21AWIC-246,,,,,5,ADEM,ADEM SOPs-2000 Series-Surface Water,Water Sampler (Other),,Chloride,Total,3.92,mg/l,,Final,,Actual,,,,,,,,,,,,,300.0,USEPA,Determination of Inorganic Anions by Ion Chromatography,,ADEM - CENTRAL LAB,2013-08-02,,,,,,STORET
21AWIC,ALABAMA DEPT. OF ENVIRONMENTAL MANAGEMENT - WATER QUALITY DATA,21AWIC-200449_99539_173,Sample-Integrated Vertical Profile,Water,,2013-08-27,13:15:00,CST,,,,,,SURFACE,0.1,ft,2.77,m,484,21AWIC,21AWIC-246,,,,,5,ADEM,ADEM SOPs-2000 Series-Surface Water,Water Sampler (Other),,Chloride,Total,4.43,mg/l,,Final,,Actual,,,,,,,,,,,,,300.0,USEPA,Determination of Inorganic Anions by Ion Chromatography,,ADEM - CENTRAL LAB,2013-08-29,,,,,,STORET
21AWIC,ALABAMA DEPT. OF ENVIRONMENTAL MANAGEMENT - WATER QUALITY DATA,21AWIC-201688_100028_173,Sample-Integrated Vertical Profile,Water,,2013-09-25,14:43:00,CST,,,,,,SURFACE,0.1,ft,3.05,m,484,21AWIC,21AWIC-246,,,,,5,ADEM,ADEM SOPs-2000 Series-Surface Water,Water Sampler (Other),,Chloride,Total,5.96,mg/l,,Final,,Actual,,,,,,,,,,,,,300.0,USEPA,Determination of Inorganic Anions by Ion Chromatography,,ADEM - CENTRAL LAB,2013-09-30,,,,,,STORET
21AWIC,ALABAMA DEPT. OF ENVIRONMENTAL MANAGEMENT - WATER QUALITY DATA,21AWIC-202465_100766_173,Sample-Integrated Vertical Profile,Water,,2013-10-30,13:49:00,CST,,,,,,SURFACE,0.1,ft,3.11,m,484,21AWIC,21AWIC-246,,,,,5,ADEM,ADEM SOPs-2000 Series-Surface Water,Water Sampler (Other),,Chloride,Total,6.27,mg/l,,Final,,Actual,,,,,,,,,,,,,300.0,USEPA,Determination of Inorganic Anions by Ion Chromatography,,ADEM - CENTRAL LAB,2013-11-02,,,,,,STORET
21AWIC,ALABAMA DEPT. OF ENVIRONMENTAL MANAGEMENT - WATER QUALITY DATA,21AWIC-220646_123200_173,Sample-Integrated Vertical Profile,Water,,2015-04-28,16:38:00,CDT,,,,,,SURFACE,0.1,ft,2.90,m,646,21AWIC,21AWIC-246,,,,,5,ADEM,ADEM SOPs-2000 Series-Surface Water,Water Sampler (Other),,Chloride,Total,4.05,mg/l,,Final,,Actual,,,,,,,,,,,,,300.0,USEPA,Determination of Inorganic Anions by Ion Chromatography,,ADEM - CENTRAL LAB,2015-05-01,,,,,,STORET
21AWIC,ALABAMA DEPT. OF ENVIRONMENTAL MANAGEMENT - WATER QUALITY DATA,21AWIC-222181_123748_173,Sample-Integrated Vertical Profile,Water,,2015-05-26,16:36:00,CDT,,,,,,SURFACE,0.1,ft,2.67,m,646,21AWIC,21AWIC-246,,,,,5,ADEM,ADEM SOPs-2000 Series-Surface Water,Water Sampler (Other),,Chloride,Total,5.59,mg/l,,Final,,Actual,,,,,,,,,,,,,300.0,USEPA,Determination of Inorganic Anions by Ion Chromatography,,ADEM - CENTRAL LAB,2015-05-29,,,,,,STORET
21AWIC,ALABAMA DEPT. OF ENVIRONMENTAL MANAGEMENT - WATER QUALITY DATA,21AWIC-222184_123751_173,Sample-Integrated Vertical Profile,Water,,2015-05-26,16:46:00,CDT,,,,,,SURFACE,0.1,ft,2.67,m,646,21AWIC,21AWIC-246,,,,,5,ADEM,ADEM SOPs-2000 Series-Surface Water,Water Sampler (Other),,Chloride,Total,5.58,mg/l,,Final,,Actual,,,,,,,,,,,,,300.0,USEPA,Determination of Inorganic Anions by Ion Chromatography,,ADEM - CENTRAL LAB,2015-05-29,,,,,,STORET
21AWIC,ALABAMA DEPT. OF ENVIRONMENTAL MANAGEMENT - WATER QUALITY DATA,21AWIC-225915_125084_173,Sample-Integrated Vertical Profile,Water,,2015-06-23,17:14:00,CDT,,,,,,SURFACE,0.1,ft,2.83,m,646,21AWIC,21AWIC-246,,,,,5,ADEM,ADEM SOPs-2000 Series-Surface Water,Water Sampler (Other),,Chloride,Total,6.25,mg/l,,Final,,Actual,,,,,,,,,,,,,300.0,USEPA,Determination of Inorganic Anions by Ion Chromatography,,ADEM - CENTRAL LAB,2015-06-25,,,,,,STORET
21AWIC,ALABAMA DEPT. OF ENVIRONMENTAL MANAGEMENT - WATER QUALITY DATA,21AWIC-226192_125324_173,Sample-Integrated Vertical Profile,Water,,2015-07-28,17:16:00,CDT,,,,,,SURFACE,0.1,ft,3.31,m,646,21AWIC,21AWIC-246,,,,,5,ADEM,ADEM SOPs-2000 Series-Surface Water,Water Sampler (Other),,Chloride,Total,6.53,mg/l,,Final,,Actual,,,,,,,,,,,,,300.0,USEPA,Determination of Inorganic Anions by Ion Chromatography,,ADEM - CENTRAL LAB,2015-07-30,,,,,,STORET
21AWIC,ALABAMA DEPT. OF ENVIRONMENTAL MANAGEMENT - WATER QUALITY DATA,21AWIC-228924_126463_173,Sample-Integrated Vertical Profile,Water,,2015-08-25,17:15:00,CDT,,,,,,SURFACE,0.1,ft,3.04,m,646,21AWIC,21AWIC-246,,,,,5,ADEM,ADEM SOPs-2000 Series-Surface Water,Water Sampler (Other),,Chloride,Total,7.8,mg/l,,Final,,Actual,,,,,,,,,,,,,300.0,USEPA,Determination of Inorganic Anions by Ion Chromatography,,ADEM - CENTRAL LAB,2015-08-28,,,,,,STORET
21AWIC,ALABAMA DEPT. OF ENVIRONMENTAL MANAGEMENT - WATER QUALITY DATA,21AWIC-228925_126464_173,Sample-Integrated Vertical Profile,Water,,2015-08-25,17:24:00,CDT,,,,,,SURFACE,0.1,ft,3.04,m,646,21AWIC,21AWIC-246,,,,,5,ADEM,ADEM SOPs-2000 Series-Surface Water,Water Sampler (Other),,Chloride,Total,7.83,mg/l,,Final,,Actual,,,,,,,,,,,,,300.0,USEPA,Determination of Inorganic Anions by Ion Chromatography,,ADEM - CENTRAL LAB,2015-08-28,,,,,,STORET
21AWIC,ALABAMA DEPT. OF ENVIRONMENTAL MANAGEMENT - WATER QUALITY DATA,21AWIC-229278_126602_173,Sample-Integrated Vertical Profile,Water,,2015-09-28,16:54:00,CDT,,,,,,SURFACE,0.1,ft,3.45,m,646,21AWIC,21AWIC-246,,,,,5,ADEM,ADEM SOPs-2000 Series-Surface Water,Water Sampler (Other),,Chloride,Total,9.49,mg/l,,Final,,Actual,,,,,,,,,,,,,300.0,USEPA,Determination of Inorganic Anions by Ion Chromatography,,ADEM - CENTRAL LAB,2015-10-01,,,,,,STORET
21AWIC,ALABAMA DEPT. OF ENVIRONMENTAL MANAGEMENT - WATER QUALITY DATA,21AWIC-231161_127617_173,Sample-Integrated Vertical Profile,Water,,2015-10-26,17:20:00,CDT,,,,,,SURFACE,0.1,ft,3.58,m,646,21AWIC,21AWIC-246,,,,,5,ADEM,ADEM SOPs-2000 Series-Surface Water,Water Sampler (Other),,Chloride,Total,8.46,mg/l,,Final,,Actual,,,,,,,,,,,,,300.0,USEPA,Determination of Inorganic Anions by Ion Chromatography,,ADEM - CENTRAL LAB,2015-10-29,,,,,,STORET
21AWIC,ALABAMA DEPT. OF ENVIRONMENTAL MANAGEMENT - WATER QUALITY DATA,21AWIC-231162_127618_173,Sample-Integrated Vertical Profile,Water,,2015-10-26,17:28:00,CDT,,,,,,SURFACE,0.1,ft,3.58,m,646,21AWIC,21AWIC-246,,,,,5,ADEM,ADEM SOPs-2000 Series-Surface Water,Water Sampler (Other),,Chloride,Total,8.8,mg/l,,Final,,Actual,,,,,,,,,,,,,300.0,USEPA,Determination of Inorganic Anions by Ion Chromatography,,ADEM - CENTRAL LAB,2015-10-29,,,,,,STORET
21AWIC,ALABAMA DEPT. OF ENVIRONMENTAL MANAGEMENT - WATER QUALITY DATA,21AWIC-262880_141617_173,Sample-Integrated Vertical Profile,Water,,2018-04-25,16:00:00,CDT,,,,,,SURFACE,0.1,ft,2.22,m,815,21AWIC,21AWIC-246,,,,,5,ADEM,ADEM SOPs-2000 Series-Surface Water,Water Sampler (Other),,Chloride,Total,5.06,mg/l,,Final,,Actual,,,,,,,,,,,,,300.0,USEPA,Determination of Inorganic Anions by Ion Chromatography,,ADEM - CENTRAL LAB,2018-04-28,,,,,,STORET
21AWIC,ALABAMA DEPT. OF ENVIRONMENTAL MANAGEMENT - WATER QUALITY DATA,21AWIC-264767_142378_173,Sample-Integrated Vertical Profile,Water,,2018-05-30,16:15:00,CST,,,,,,SURFACE,0.1,ft,1.62,m,815,21AWIC,21AWIC-246,,,,,5,ADEM,ADEM SOPs-2000 Series-Surface Water,Water Sampler (Other),,Chloride,Total,5.31,mg/l,,Final,,Actual,,,,,,,,,,,,,300.0,USEPA,Determination of Inorganic Anions by Ion Chromatography,,ADEM - CENTRAL LAB,2018-06-01,,,,,,STORET
21AWIC,ALABAMA DEPT. OF ENVIRONMENTAL MANAGEMENT - WATER QUALITY DATA,21AWIC-264769_142380_173,Sample-Integrated Vertical Profile,Water,,2018-05-30,16:20:00,CST,,,,,,SURFACE,0.1,ft,1.62,m,815,21AWIC,21AWIC-246,,,,,5,ADEM,ADEM SOPs-2000 Series-Surface Water,Water Sampler (Other),,Chloride,Total,5.12,mg/l,,Final,,Actual,,,,,,,,,,,,,300.0,USEPA,Determination of Inorganic Anions by Ion Chromatography,,ADEM - CENTRAL LAB,2018-06-01,,,,,,STORET
21AWIC,ALABAMA DEPT. OF ENVIRONMENTAL MANAGEMENT - WATER QUALITY DATA,21AWIC-265863_142600_173,Sample-Integrated Vertical Profile,Water,,2018-06-27,16:07:00,CDT,,,,,,SURFACE,0.1,ft,2.39,m,815,21AWIC,21AWIC-246,,,,,5,ADEM,ADEM SOPs-2000 Series-Surface Water,Water Sampler (Other),,Chloride,Total,5.24,mg/l,,Final,,Actual,,,,,,,,,,,,,300.0,USEPA,Determination of Inorganic Anions by Ion Chromatography,,ADEM - CENTRAL LAB,2018-07-01,,,,,,STORET
21AWIC,ALABAMA DEPT. OF ENVIRONMENTAL MANAGEMENT - WATER QUALITY DATA,21AWIC-267185_143421_173,Sample-Integrated Vertical Profile,Water,,2018-07-25,15:13:00,CDT,,,,,,SURFACE,0.1,ft,2.30,m,815,21AWIC,21AWIC-246,,,,,5,ADEM,ADEM SOPs-2000 Series-Surface Water,Water Sampler (Other),,Chloride,Total,6.93,mg/l,,Final,,Actual,,,,,,,,,,,,,300.0,USEPA,Determination of Inorganic Anions by Ion Chromatography,,ADEM - CENTRAL LAB,2018-07-27,,,,,,STORET
21AWIC,ALABAMA DEPT. OF ENVIRONMENTAL MANAGEMENT - WATER QUALITY DATA,21AWIC-269687_143772_173,Sample-Integrated Vertical Profile,Water,,2018-08-28,14:29:00,CST,,,,,,SURFACE,0.1,ft,2.40,m,815,21AWIC,21AWIC-246,,,,,5,ADEM,ADEM SOPs-2000 Series-Surface Water,Water Sampler (Other),,Chloride,Total,7.36,mg/l,,Final,,Actual,,,,,,,,,,,,,300.0,USEPA,Determination of Inorganic Anions by Ion Chromatography,,ADEM - CENTRAL LAB,2018-08-30,,,,,,STORET
21AWIC,ALABAMA DEPT. OF ENVIRONMENTAL MANAGEMENT - WATER QUALITY DATA,21AWIC-272248_144713_173,Sample-Integrated Vertical Profile,Water,,2018-09-26,14:21:00,CST,,,,,,SURFACE,0.1,ft,3.52,m,815,21AWIC,21AWIC-246,,,,,5,ADEM,ADEM SOPs-2000 Series-Surface Water,Water Sampler (Other),,Chloride,Total,8.74,mg/l,,Final,,Actual,,,,,,,,,,,,,300.0,USEPA,Determination of Inorganic Anions by Ion Chromatography,,ADEM - CENTRAL LAB,2018-10-04,,,,,,STORET
21AWIC,ALABAMA DEPT. OF ENVIRONMENTAL MANAGEMENT - WATER QUALITY DATA,21AWIC-273209_145215_173,Sample-Integrated Vertical Profile,Water,,2018-10-24,15:03:00,CST,,,,,,SURFACE,0.1,ft,2.45,m,815,21AWIC,21AWIC-246,,,,,5,ADEM,ADEM SOPs-2000 Series-Surface Water,Water Sampler (Other),,Chloride,Total,8.79,mg/l,,Final,,Actual,,,,,,,,,,,,,300.0,USEPA,Determination of Inorganic Anions by Ion Chromatography,,ADEM - CENTRAL LAB,2018-11-09,,,,,,STORET
21AWIC,ALABAMA DEPT. OF ENVIRONMENTAL MANAGEMENT - WATER QUALITY DATA,21AWIC-123388_53110_173,Sample-Integrated Vertical Profile,Water,,2010-04-20,14:02:00,CST,,,,,,SURFACE,0.1,ft,2.57,m,300,21AWIC,21AWIC-247,,,,,5,ADEM,ADEM SOPs-2000 Series-Surface Water,Water Sampler (Other),,Chloride,Total,3.93,mg/l,,Final,,Actual,,,,,,,,,,,,,300.0,USEPA,Determination of Inorganic Anions by Ion Chromatography,,ADEM - CENTRAL LAB,2010-04-27,,,,,,STORET
21AWIC,ALABAMA DEPT. OF ENVIRONMENTAL MANAGEMENT - WATER QUALITY DATA,21AWIC-133786_58985_173,Sample-Integrated Vertical Profile,Water,,2010-05-18,12:37:00,CST,,,,,,SURFACE,0.1,ft,2.60,m,300,21AWIC,21AWIC-247,,,,,5,ADEM,ADEM SOPs-2000 Series-Surface Water,Water Sampler (Other),,Chloride,Total,3.68,mg/l,,Final,,Actual,,,,,,,,,,,,,300.0,USEPA,Determination of Inorganic Anions by Ion Chromatography,,ADEM - CENTRAL LAB,2010-05-21,,,,,,STORET
21AWIC,ALABAMA DEPT. OF ENVIRONMENTAL MANAGEMENT - WATER QUALITY DATA,21AWIC-133787_58987_173,Sample-Integrated Vertical Profile,Water,,2010-05-18,12:44:00,CST,,,,,,SURFACE,0.1,ft,2.60,m,300,21AWIC,21AWIC-247,,,,,5,ADEM,ADEM SOPs-2000 Series-Surface Water,Water Sampler (Other),,Chloride,Total,3.66,mg/l,,Final,,Actual,,,,,,,,,,,,,300.0,USEPA,Determination of Inorganic Anions by Ion Chromatography,,ADEM - CENTRAL LAB,2010-05-21,,,,,,STORET
21AWIC,ALABAMA DEPT. OF ENVIRONMENTAL MANAGEMENT - WATER QUALITY DATA,21AWIC-137258_61266_173,Sample-Integrated Vertical Profile,Water,,2010-06-22,16:26:00,CST,,,,,,SURFACE,0.1,ft,2.83,m,272,21AWIC,21AWIC-247,,,,,5,ADEM,ADEM SOPs-2000 Series-Surface Water,Water Sampler (Other),,Chloride,Total,4.69,mg/l,,Final,,Actual,,,,,,,,,,,,,300.0,USEPA,Determination of Inorganic Anions by Ion Chromatography,,ADEM - CENTRAL LAB,2010-06-24,,,,,,STORET
21AWIC,ALABAMA DEPT. OF ENVIRONMENTAL MANAGEMENT - WATER QUALITY DATA,21AWIC-122769_52787_173,Sample-Integrated Vertical Profile,Water,,2010-07-20,14:32:00,CST,,,,,,SURFACE,0.1,ft,2.52,m,300,21AWIC,21AWIC-247,,,,,5,ADEM,ADEM SOPs-2000 Series-Surface Water,Water Sampler (Other),,Chloride,Total,6.37,mg/l,,Final,,Actual,,,,,,,,,,,,,300.0,USEPA,Determination of Inorganic Anions by Ion Chromatography,,ADEM - CENTRAL LAB,2010-07-23,,,,,,STORET
21AWIC,ALABAMA DEPT. OF ENVIRONMENTAL MANAGEMENT - WATER QUALITY DATA,21AWIC-125032_61376_173,Sample-Integrated Vertical Profile,Water,,2010-08-17,15:07:00,CST,,,,,,SURFACE,0.1,ft,3.35,m,272,21AWIC,21AWIC-247,,,,,5,ADEM,ADEM SOPs-2000 Series-Surface Water,Water Sampler (Other),,Chloride,Total,7.76,mg/l,,Final,,Actual,,,,,,,,,,,,,300.0,USEPA,Determination of Inorganic Anions by Ion Chromatography,,ADEM - CENTRAL LAB,2010-08-20,,,,,,STORET
21AWIC,ALABAMA DEPT. OF ENVIRONMENTAL MANAGEMENT - WATER QUALITY DATA,21AWIC-134361_59405_173,Sample-Integrated Vertical Profile,Water,,2010-09-21,12:53:00,CST,,,,,,SURFACE,0.1,ft,4.63,m,300,21AWIC,21AWIC-247,,,,,5,ADEM,ADEM SOPs-2000 Series-Surface Water,Water Sampler (Other),,Chloride,Total,7.47,mg/l,,Final,,Actual,,,,,,,,,,,,,300.0,USEPA,Determination of Inorganic Anions by Ion Chromatography,,ADEM - CENTRAL LAB,2010-09-23,,,,,,STORET
21AWIC,ALABAMA DEPT. OF ENVIRONMENTAL MANAGEMENT - WATER QUALITY DATA,21AWIC-135000_59951_173,Sample-Integrated Vertical Profile,Water,,2010-10-19,13:46:00,CST,,,,,,SURFACE,0.1,ft,3.68,m,300,21AWIC,21AWIC-247,,,,,5,ADEM,ADEM SOPs-2000 Series-Surface Water,Water Sampler (Other),,Chloride,Total,9.35,mg/l,,Final,,Actual,,,,,,,,,,,,,300.0,USEPA,Determination of Inorganic Anions by Ion Chromatography,,ADEM - CENTRAL LAB,2010-10-21,,,,,,STORET
21AWIC,ALABAMA DEPT. OF ENVIRONMENTAL MANAGEMENT - WATER QUALITY DATA,21AWIC-189295_95765_173,Sample-Integrated Vertical Profile,Water,,2013-04-24,12:57:00,CST,,,,,,SURFACE,0.1,ft,2.18,m,484,21AWIC,21AWIC-247,,,,,5,ADEM,ADEM SOPs-2000 Series-Surface Water,Water Sampler (Other),,Chloride,Total,3.68,mg/l,,Final,,Actual,,,,,,,,,,,,,300.0,USEPA,Determination of Inorganic Anions by Ion Chromatography,,ADEM - CENTRAL LAB,2013-04-30,,,,,,STORET
21AWIC,ALABAMA DEPT. OF ENVIRONMENTAL MANAGEMENT - WATER QUALITY DATA,21AWIC-191633_96604_173,Sample-Integrated Vertical Profile,Water,,2013-05-21,12:30:00,CST,,,,,,SURFACE,0.1,ft,1.70,m,484,21AWIC,21AWIC-247,,,,,5,ADEM,ADEM SOPs-2000 Series-Surface Water,Water Sampler (Other),,Chloride,Total,3.75,mg/l,,Final,,Actual,,,,,,,,,,,,,300.0,USEPA,Determination of Inorganic Anions by Ion Chromatography,,ADEM - CENTRAL LAB,2013-05-23,,,,,,STORET
21AWIC,ALABAMA DEPT. OF ENVIRONMENTAL MANAGEMENT - WATER QUALITY DATA,21AWIC-192410_96894_173,Sample-Integrated Vertical Profile,Water,,2013-06-25,13:07:00,CST,,,,,,SURFACE,0.1,ft,3.11,m,484,21AWIC,21AWIC-247,,,,,5,ADEM,ADEM SOPs-2000 Series-Surface Water,Water Sampler (Other),,Chloride,Total,4.19,mg/l,,Final,,Actual,,,,,,,,,,,,,300.0,USEPA,Determination of Inorganic Anions by Ion Chromatography,,ADEM - CENTRAL LAB,2013-06-27,,,,,,STORET
21AWIC,ALABAMA DEPT. OF ENVIRONMENTAL MANAGEMENT - WATER QUALITY DATA,21AWIC-194359_97905_173,Sample-Integrated Vertical Profile,Water,,2013-07-30,12:05:00,CST,,,,,,SURFACE,0.1,ft,2.60,m,484,21AWIC,21AWIC-247,,,,,5,ADEM,ADEM SOPs-2000 Series-Surface Water,Water Sampler (Other),,Chloride,Total,3.76,mg/l,,Final,,Actual,,,,,,,,,,,,,300.0,USEPA,Determination of Inorganic Anions by Ion Chromatography,,ADEM - CENTRAL LAB,2013-08-02,,,,,,STORET
21AWIC,ALABAMA DEPT. OF ENVIRONMENTAL MANAGEMENT - WATER QUALITY DATA,21AWIC-200447_99537_173,Sample-Integrated Vertical Profile,Water,,2013-08-27,12:05:00,CST,,,,,,SURFACE,0.1,ft,2.61,m,484,21AWIC,21AWIC-247,,,,,5,ADEM,ADEM SOPs-2000 Series-Surface Water,Water Sampler (Other),,Chloride,Total,4.59,mg/l,,Final,,Actual,,,,,,,,,,,,,300.0,USEPA,Determination of Inorganic Anions by Ion Chromatography,,ADEM - CENTRAL LAB,2013-08-29,,,,,,STORET
21AWIC,ALABAMA DEPT. OF ENVIRONMENTAL MANAGEMENT - WATER QUALITY DATA,21AWIC-201684_100025_173,Sample-Integrated Vertical Profile,Water,,2013-09-25,12:41:00,CST,,,,,,SURFACE,0.1,ft,2.92,m,484,21AWIC,21AWIC-247,,,,,5,ADEM,ADEM SOPs-2000 Series-Surface Water,Water Sampler (Other),,Chloride,Total,5.69,mg/l,,Final,,Actual,,,,,,,,,,,,,300.0,USEPA,Determination of Inorganic Anions by Ion Chromatography,,ADEM - CENTRAL LAB,2013-09-27,,,,,,STORET
21AWIC,ALABAMA DEPT. OF ENVIRONMENTAL MANAGEMENT - WATER QUALITY DATA,21AWIC-201685_100026_173,Sample-Integrated Vertical Profile,Water,,2013-09-25,12:51:00,CST,,,,,,SURFACE,0.1,ft,2.92,m,484,21AWIC,21AWIC-247,,,,,5,ADEM,ADEM SOPs-2000 Series-Surface Water,Water Sampler (Other),,Chloride,Total,5.68,mg/l,,Final,,Actual,,,,,,,,,,,,,300.0,USEPA,Determination of Inorganic Anions by Ion Chromatography,,ADEM - CENTRAL LAB,2013-09-27,,,,,,STORET
21AWIC,ALABAMA DEPT. OF ENVIRONMENTAL MANAGEMENT - WATER QUALITY DATA,21AWIC-202463_100765_173,Sample-Integrated Vertical Profile,Water,,2013-10-30,12:29:00,CST,,,,,,SURFACE,0.1,ft,2.84,m,484,21AWIC,21AWIC-247,,,,,5,ADEM,ADEM SOPs-2000 Series-Surface Water,Water Sampler (Other),,Chloride,Total,6.24,mg/l,,Final,,Actual,,,,,,,,,,,,,300.0,USEPA,Determination of Inorganic Anions by Ion Chromatography,,ADEM - CENTRAL LAB,2013-11-02,,,,,,STORET
21AWIC,ALABAMA DEPT. OF ENVIRONMENTAL MANAGEMENT - WATER QUALITY DATA,21AWIC-220638_123196_173,Sample-Integrated Vertical Profile,Water,,2015-04-28,15:43:00,CDT,,,,,,SURFACE,0.1,ft,1.72,m,646,21AWIC,21AWIC-247,,,,,5,ADEM,ADEM SOPs-2000 Series-Surface Water,Water Sampler (Other),,Chloride,Total,4.2,mg/l,,Final,,Actual,,,,,,,,,,,,,300.0,USEPA,Determination of Inorganic Anions by Ion Chromatography,,ADEM - CENTRAL LAB,2015-04-30,,,,,,STORET
21AWIC,ALABAMA DEPT. OF ENVIRONMENTAL MANAGEMENT - WATER QUALITY DATA,21AWIC-222138_123733_173,Sample-Integrated Vertical Profile,Water,,2015-05-26,15:49:00,CDT,,,,,,SURFACE,0.1,ft,2.78,m,646,21AWIC,21AWIC-247,,,,,5,ADEM,ADEM SOPs-2000 Series-Surface Water,Water Sampler (Other),,Chloride,Total,5.68,mg/l,,Final,,Actual,,,,,,,,,,,,,300.0,USEPA,Determination of Inorganic Anions by Ion Chromatography,,ADEM - CENTRAL LAB,2015-05-28,,,,,,STORET
21AWIC,ALABAMA DEPT. OF ENVIRONMENTAL MANAGEMENT - WATER QUALITY DATA,21AWIC-225893_125071_173,Sample-Integrated Vertical Profile,Water,,2015-06-23,16:22:00,CDT,,,,,,SURFACE,0.1,ft,2.52,m,646,21AWIC,21AWIC-247,,,,,5,ADEM,ADEM SOPs-2000 Series-Surface Water,Water Sampler (Other),,Chloride,Total,6.33,mg/l,,Final,,Actual,,,,,,,,,,,,,300.0,USEPA,Determination of Inorganic Anions by Ion Chromatography,,ADEM - CENTRAL LAB,2015-06-25,,,,,,STORET
21AWIC,ALABAMA DEPT. OF ENVIRONMENTAL MANAGEMENT - WATER QUALITY DATA,21AWIC-226180_125296_173,Sample-Integrated Vertical Profile,Water,,2015-07-28,16:17:00,CDT,,,,,,SURFACE,0.1,ft,2.72,m,646,21AWIC,21AWIC-247,,,,,5,ADEM,ADEM SOPs-2000 Series-Surface Water,Water Sampler (Other),,Chloride,Total,6.21,mg/l,,Final,,Actual,,,,,,,,,,,,,300.0,USEPA,Determination of Inorganic Anions by Ion Chromatography,,ADEM - CENTRAL LAB,2015-07-30,,,,,,STORET
21AWIC,ALABAMA DEPT. OF ENVIRONMENTAL MANAGEMENT - WATER QUALITY DATA,21AWIC-228920_126459_173,Sample-Integrated Vertical Profile,Water,,2015-08-25,16:04:00,CDT,,,,,,SURFACE,0.1,ft,2.64,m,646,21AWIC,21AWIC-247,,,,,5,ADEM,ADEM SOPs-2000 Series-Surface Water,Water Sampler (Other),,Chloride,Total,7.92,mg/l,,Final,,Actual,,,,,,,,,,,,,300.0,USEPA,Determination of Inorganic Anions by Ion Chromatography,,ADEM - CENTRAL LAB,2015-08-27,,,,,,STORET
21AWIC,ALABAMA DEPT. OF ENVIRONMENTAL MANAGEMENT - WATER QUALITY DATA,21AWIC-229267_126597_173,Sample-Integrated Vertical Profile,Water,,2015-09-28,16:11:00,CDT,,,,,,SURFACE,0.1,ft,2.85,m,646,21AWIC,21AWIC-247,,,,,5,ADEM,ADEM SOPs-2000 Series-Surface Water,Water Sampler (Other),,Chloride,Total,10,mg/l,,Final,,Actual,,,,,,,,,,,,,300.0,USEPA,Determination of Inorganic Anions by Ion Chromatography,,ADEM - CENTRAL LAB,2015-09-30,,,,,,STORET
21AWIC,ALABAMA DEPT. OF ENVIRONMENTAL MANAGEMENT - WATER QUALITY DATA,21AWIC-230932_127536_173,Sample-Integrated Vertical Profile,Water,,2015-10-26,16:29:00,CDT,,,,,,SURFACE,0.1,ft,3.75,m,646,21AWIC,21AWIC-247,,,,,5,ADEM,ADEM SOPs-2000 Series-Surface Water,Water Sampler (Other),,Chloride,Total,8.43,mg/l,,Final,,Actual,,,,,,,,,,,,,300.0,USEPA,Determination of Inorganic Anions by Ion Chromatography,,ADEM - CENTRAL LAB,2015-10-29,,,,,,STORET
21AWIC,ALABAMA DEPT. OF ENVIRONMENTAL MANAGEMENT - WATER QUALITY DATA,21AWIC-262870_141611_173,Sample-Integrated Vertical Profile,Water,,2018-04-25,14:42:00,CST,,,,,,SURFACE,0.1,ft,1.46,m,815,21AWIC,21AWIC-247,,,,,5,ADEM,ADEM SOPs-2000 Series-Surface Water,Water Sampler (Other),,Chloride,Total,4.88,mg/l,,Final,,Actual,,,,,,,,,,,,,300.0,USEPA,Determination of Inorganic Anions by Ion Chromatography,,ADEM - CENTRAL LAB,2018-04-28,,,,,,STORET
21AWIC,ALABAMA DEPT. OF ENVIRONMENTAL MANAGEMENT - WATER QUALITY DATA,21AWIC-264765_142341_173,Sample-Integrated Vertical Profile,Water,,2018-05-30,14:27:00,CST,,,,,,SURFACE,0.1,ft,1.72,m,815,21AWIC,21AWIC-247,,,,,5,ADEM,ADEM SOPs-2000 Series-Surface Water,Water Sampler (Other),,Chloride,Total,5.21,mg/l,,Final,,Actual,,,,,,,,,,,,,300.0,USEPA,Determination of Inorganic Anions by Ion Chromatography,,ADEM - CENTRAL LAB,2018-06-01,,,,,,STORET
21AWIC,ALABAMA DEPT. OF ENVIRONMENTAL MANAGEMENT - WATER QUALITY DATA,21AWIC-265845_142588_173,Sample-Integrated Vertical Profile,Water,,2018-06-27,14:40:00,CDT,,,,,,SURFACE,0.1,ft,1.98,m,815,21AWIC,21AWIC-247,,,,,5,ADEM,ADEM SOPs-2000 Series-Surface Water,Water Sampler (Other),,Chloride,Total,5.34,mg/l,,Final,,Actual,,,,,,,,,,,,,300.0,USEPA,Determination of Inorganic Anions by Ion Chromatography,,ADEM - CENTRAL LAB,2018-06-30,,,,,,STORET
21AWIC,ALABAMA DEPT. OF ENVIRONMENTAL MANAGEMENT - WATER QUALITY DATA,21AWIC-267180_143420_173,Sample-Integrated Vertical Profile,Water,,2018-07-25,14:02:00,CDT,,,,,,SURFACE,0.1,ft,1.77,m,815,21AWIC,21AWIC-247,,,,,5,ADEM,ADEM SOPs-2000 Series-Surface Water,Water Sampler (Other),,Chloride,Total,6.72,mg/l,,Final,,Actual,,,,,,,,,,,,,300.0,USEPA,Determination of Inorganic Anions by Ion Chromatography,,ADEM - CENTRAL LAB,2018-07-27,,,,,,STORET
21AWIC,ALABAMA DEPT. OF ENVIRONMENTAL MANAGEMENT - WATER QUALITY DATA,21AWIC-269643_143760_173,Sample-Integrated Vertical Profile,Water,,2018-08-28,13:03:00,CST,,,,,,SURFACE,0.1,ft,3.90,m,815,21AWIC,21AWIC-247,,,,,5,ADEM,ADEM SOPs-2000 Series-Surface Water,Water Sampler (Other),,Chloride,Total,6.85,mg/l,,Final,,Actual,,,,,,,,,,,,,300.0,USEPA,Determination of Inorganic Anions by Ion Chromatography,,ADEM - CENTRAL LAB,2018-08-30,,,,,,STORET
21AWIC,ALABAMA DEPT. OF ENVIRONMENTAL MANAGEMENT - WATER QUALITY DATA,21AWIC-272218_144701_173,Sample-Integrated Vertical Profile,Water,,2018-09-26,13:15:00,CST,,,,,,SURFACE,0.1,ft,1.98,m,815,21AWIC,21AWIC-247,,,,,5,ADEM,ADEM SOPs-2000 Series-Surface Water,Water Sampler (Other),,Chloride,Total,8.95,mg/l,,Final,,Actual,,,,,,,,,,,,,300.0,USEPA,Determination of Inorganic Anions by Ion Chromatography,,ADEM - CENTRAL LAB,2018-10-04,,,,,,STORET
21AWIC,ALABAMA DEPT. OF ENVIRONMENTAL MANAGEMENT - WATER QUALITY DATA,21AWIC-273203_145214_173,Sample-Integrated Vertical Profile,Water,,2018-10-24,13:42:00,CST,,,,,,SURFACE,0.1,ft,1.92,m,815,21AWIC,21AWIC-247,,,,,5,ADEM,ADEM SOPs-2000 Series-Surface Water,Water Sampler (Other),,Chloride,Total,9,mg/l,,Final,,Actual,,,,,,,,,,,,,300.0,USEPA,Determination of Inorganic Anions by Ion Chromatography,,ADEM - CENTRAL LAB,2018-11-09,,,,,,STORET
21AWIC,ALABAMA DEPT. OF ENVIRONMENTAL MANAGEMENT - WATER QUALITY DATA,21AWIC-132771_58254_173,Sample-Routine,Water,,2010-04-20,12:50:00,CST,,,,,,SURFACE,,,,,300,21AWIC,21AWIC-249,,,,,1,ADEM,ADEM SOPs-2000 Series-Surface Water,Water Bottle,,Chloride,Total,7.16,mg/l,,Final,,Actual,,,,,,,,,,,,,300.0,USEPA,Determination of Inorganic Anions by Ion Chromatography,,ADEM - CENTRAL LAB,2010-04-27,,,,,,STORET
21AWIC,ALABAMA DEPT. OF ENVIRONMENTAL MANAGEMENT - WATER QUALITY DATA,21AWIC-133806_59008_173,Sample-Integrated Vertical Profile,Water,,2010-05-18,11:15:00,CST,,,,,,SURFACE,0.1,ft,1.10,m,300,21AWIC,21AWIC-249,,,,,5,ADEM,ADEM SOPs-2000 Series-Surface Water,Water Sampler (Other),,Chloride,Total,6.05,mg/l,,Final,,Actual,,,,,,,,,,,,,300.0,USEPA,Determination of Inorganic Anions by Ion Chromatography,,ADEM - CENTRAL LAB,2010-05-21,,,,,,STORET
21AWIC,ALABAMA DEPT. OF ENVIRONMENTAL MANAGEMENT - WATER QUALITY DATA,21AWIC-137263_61271_173,Sample-Integrated Vertical Profile,Water,,2010-06-22,15:12:00,CST,,,,,,SURFACE,0.1,ft,1.21,m,272,21AWIC,21AWIC-249,,,,,5,ADEM,ADEM SOPs-2000 Series-Surface Water,Water Sampler (Other),,Chloride,Total,6.98,mg/l,,Final,,Actual,,,,,,,,,,,,,300.0,USEPA,Determination of Inorganic Anions by Ion Chromatography,,ADEM - CENTRAL LAB,2010-06-24,,,,,,STORET
21AWIC,ALABAMA DEPT. OF ENVIRONMENTAL MANAGEMENT - WATER QUALITY DATA,21AWIC-122779_52793_173,Sample-Routine,Water,,2010-07-20,13:14:00,CST,,,,,,SURFACE,,,,,300,21AWIC,21AWIC-249,,,,,1,ADEM,ADEM SOPs-2000 Series-Surface Water,Water Bottle,,Chloride,Total,6.22,mg/l,,Final,,Actual,,,,,,,,,,,,,300.0,USEPA,Determination of Inorganic Anions by Ion Chromatography,,ADEM - CENTRAL LAB,2010-07-23,,,,,,STORET
21AWIC,ALABAMA DEPT. OF ENVIRONMENTAL MANAGEMENT - WATER QUALITY DATA,21AWIC-125059_61369_173,Sample-Integrated Vertical Profile,Water,,2010-08-17,13:57:00,CST,,,,,,SURFACE,0.1,ft,0.90,m,272,21AWIC,21AWIC-249,,,,,5,ADEM,ADEM SOPs-2000 Series-Surface Water,Water Sampler (Other),,Chloride,Total,8.02,mg/l,,Final,,Actual,,,,,,,,,,,,,300.0,USEPA,Determination of Inorganic Anions by Ion Chromatography,,ADEM - CENTRAL LAB,2010-08-20,,,,,,STORET
21AWIC,ALABAMA DEPT. OF ENVIRONMENTAL MANAGEMENT - WATER QUALITY DATA,21AWIC-134478_59489_173,Sample-Routine,Water,,2010-09-21,11:40:00,CST,,,,,,SURFACE,,,,,300,21AWIC,21AWIC-249,,,,,1,ADEM,ADEM SOPs-2000 Series-Surface Water,Water Bottle,,Chloride,Total,8.1,mg/l,,Final,,Actual,,,,,,,,,,,,,300.0,USEPA,Determination of Inorganic Anions by Ion Chromatography,,ADEM - CENTRAL LAB,2010-09-23,,,,,,STORET
21AWIC,ALABAMA DEPT. OF ENVIRONMENTAL MANAGEMENT - WATER QUALITY DATA,21AWIC-135021_59967_173,Sample-Routine,Water,,2010-10-19,11:43:00,CST,,,,,,SURFACE,,,,,300,21AWIC,21AWIC-249,,,,,1,ADEM,ADEM SOPs-2000 Series-Surface Water,Water Bottle,,Chloride,Total,8.77,mg/l,,Final,,Actual,,,,,,,,,,,,,300.0,USEPA,Determination of Inorganic Anions by Ion Chromatography,,ADEM - CENTRAL LAB,2010-10-21,,,,,,STORET
21AWIC,ALABAMA DEPT. OF ENVIRONMENTAL MANAGEMENT - WATER QUALITY DATA,21AWIC-220642_123198_173,Sample-Integrated Vertical Profile,Water,,2015-04-28,14:36:00,CDT,,,,,,SURFACE,0.1,ft,2.46,m,646,21AWIC,21AWIC-249,,,,,5,ADEM,ADEM SOPs-2000 Series-Surface Water,Water Sampler (Other),,Chloride,Total,4.76,mg/l,,Final,,Actual,,,,,,,,,,,,,300.0,USEPA,Determination of Inorganic Anions by Ion Chromatography,,ADEM - CENTRAL LAB,2015-04-30,,,,,,STORET
21AWIC,ALABAMA DEPT. OF ENVIRONMENTAL MANAGEMENT - WATER QUALITY DATA,21AWIC-222142_123736_173,Sample-Integrated Vertical Profile,Water,,2015-05-26,14:48:00,CDT,,,,,,SURFACE,0.1,ft,0.60,m,646,21AWIC,21AWIC-249,,,,,5,ADEM,ADEM SOPs-2000 Series-Surface Water,Water Sampler (Other),,Chloride,Total,6.25,mg/l,,Final,,Actual,,,,,,,,,,,,,300.0,USEPA,Determination of Inorganic Anions by Ion Chromatography,,ADEM - CENTRAL LAB,2015-05-28,,,,,,STORET
21AWIC,ALABAMA DEPT. OF ENVIRONMENTAL MANAGEMENT - WATER QUALITY DATA,21AWIC-225905_125075_173,Sample-Integrated Vertical Profile,Water,,2015-06-23,15:08:00,CDT,,,,,,SURFACE,0.1,ft,0.70,m,646,21AWIC,21AWIC-249,,,,,5,ADEM,ADEM SOPs-2000 Series-Surface Water,Water Sampler (Other),,Chloride,Total,6.76,mg/l,,Final,,Actual,,,,,,,,,,,,,300.0,USEPA,Determination of Inorganic Anions by Ion Chromatography,,ADEM - CENTRAL LAB,2015-06-25,,,,,,STORET
21AWIC,ALABAMA DEPT. OF ENVIRONMENTAL MANAGEMENT - WATER QUALITY DATA,21AWIC-226186_125314_173,Sample-Integrated Vertical Profile,Water,,2015-07-28,15:05:00,CDT,,,,,,SURFACE,0.1,ft,0.80,m,646,21AWIC,21AWIC-249,,,,,5,ADEM,ADEM SOPs-2000 Series-Surface Water,Water Sampler (Other),,Chloride,Total,6.26,mg/l,,Final,,Actual,,,,,,,,,,,,,300.0,USEPA,Determination of Inorganic Anions by Ion Chromatography,,ADEM - CENTRAL LAB,2015-07-30,,,,,,STORET
21AWIC,ALABAMA DEPT. OF ENVIRONMENTAL MANAGEMENT - WATER QUALITY DATA,21AWIC-228922_126461_173,Sample-Integrated Vertical Profile,Water,,2015-08-25,14:48:00,CDT,,,,,,SURFACE,0.1,ft,1,m,646,21AWIC,21AWIC-249,,,,,5,ADEM,ADEM SOPs-2000 Series-Surface Water,Water Sampler (Other),,Chloride,Total,7.5,mg/l,,Final,,Actual,,,,,,,,,,,,,300.0,USEPA,Determination of Inorganic Anions by Ion Chromatography,,ADEM - CENTRAL LAB,2015-08-27,,,,,,STORET
21AWIC,ALABAMA DEPT. OF ENVIRONMENTAL MANAGEMENT - WATER QUALITY DATA,21AWIC-229273_126599_173,Sample-Integrated Vertical Profile,Water,,2015-09-28,15:09:00,CDT,,,,,,SURFACE,0.1,ft,0.80,m,646,21AWIC,21AWIC-249,,,,,5,ADEM,ADEM SOPs-2000 Series-Surface Water,Water Sampler (Other),,Chloride,Total,9.68,mg/l,,Final,,Actual,,,,,,,,,,,,,300.0,USEPA,Determination of Inorganic Anions by Ion Chromatography,,ADEM - CENTRAL LAB,2015-10-01,,,,,,STORET
21AWIC,ALABAMA DEPT. OF ENVIRONMENTAL MANAGEMENT - WATER QUALITY DATA,21AWIC-230936_127548_173,Sample-Integrated Vertical Profile,Water,,2015-10-26,15:30:00,CDT,,,,,,SURFACE,0.1,ft,0.70,m,646,21AWIC,21AWIC-249,,,,,5,ADEM,ADEM SOPs-2000 Series-Surface Water,Water Sampler (Other),,Chloride,Total,8.66,mg/l,,Final,,Actual,,,,,,,,,,,,,300.0,USEPA,Determination of Inorganic Anions by Ion Chromatography,,ADEM - CENTRAL LAB,2015-10-29,,,,,,STORET
21AWIC,ALABAMA DEPT. OF ENVIRONMENTAL MANAGEMENT - WATER QUALITY DATA,21AWIC-262874_141613_173,Sample-Integrated Vertical Profile,Water,,2018-04-25,12:15:00,CST,,,,,,SURFACE,0.1,ft,1.96,m,815,21AWIC,21AWIC-249,,,,,5,ADEM,ADEM SOPs-2000 Series-Surface Water,Water Sampler (Other),,Chloride,Total,4.96,mg/l,,Final,,Actual,,,,,,,,,,,,,300.0,USEPA,Determination of Inorganic Anions by Ion Chromatography,,ADEM - CENTRAL LAB,2018-04-28,,,,,,STORET
21AWIC,ALABAMA DEPT. OF ENVIRONMENTAL MANAGEMENT - WATER QUALITY DATA,21AWIC-264757_142374_173,Sample-Integrated Vertical Profile,Water,,2018-05-30,12:48:00,CST,,,,,,SURFACE,0.1,ft,0.86,m,815,21AWIC,21AWIC-249,,,,,5,ADEM,ADEM SOPs-2000 Series-Surface Water,Water Sampler (Other),,Chloride,Total,4.22,mg/l,,Final,,Actual,,,,,,,,,,,,,300.0,USEPA,Determination of Inorganic Anions by Ion Chromatography,,ADEM - CENTRAL LAB,2018-06-01,,,,,,STORET
21AWIC,ALABAMA DEPT. OF ENVIRONMENTAL MANAGEMENT - WATER QUALITY DATA,21AWIC-265851_142592_173,Sample-Integrated Vertical Profile,Water,,2018-06-27,12:45:00,CDT,,,,,,SURFACE,0.1,ft,0.74,m,815,21AWIC,21AWIC-249,,,,,5,ADEM,ADEM SOPs-2000 Series-Surface Water,Water Sampler (Other),,Chloride,Total,6.07,mg/l,,Final,,Actual,,,,,,,,,,,,,300.0,USEPA,Determination of Inorganic Anions by Ion Chromatography,,ADEM - CENTRAL LAB,2018-06-30,,,,,,STORET
21AWIC,ALABAMA DEPT. OF ENVIRONMENTAL MANAGEMENT - WATER QUALITY DATA,21AWIC-267160_143416_173,Sample-Integrated Vertical Profile,Water,,2018-07-25,12:19:00,CST,,,,,,SURFACE,0.1,ft,0.58,m,815,21AWIC,21AWIC-249,,,,,5,ADEM,ADEM SOPs-2000 Series-Surface Water,Water Sampler (Other),,Chloride,Total,4.86,mg/l,,Final,,Actual,,,,,,,,,,,,,300.0,USEPA,Determination of Inorganic Anions by Ion Chromatography,,ADEM - CENTRAL LAB,2018-07-27,,,,,,STORET
21AWIC,ALABAMA DEPT. OF ENVIRONMENTAL MANAGEMENT - WATER QUALITY DATA,21AWIC-269649_143765_173,Sample-Integrated Vertical Profile,Water,,2018-08-28,11:18:00,CST,,,,,,SURFACE,0.1,ft,0.79,m,815,21AWIC,21AWIC-249,,,,,5,ADEM,ADEM SOPs-2000 Series-Surface Water,Water Sampler (Other),,Chloride,Total,6.54,mg/l,,Final,,Actual,,,,,,,,,,,,,300.0,USEPA,Determination of Inorganic Anions by Ion Chromatography,,ADEM - CENTRAL LAB,2018-08-30,,,,,,STORET
21AWIC,ALABAMA DEPT. OF ENVIRONMENTAL MANAGEMENT - WATER QUALITY DATA,21AWIC-272228_144705_173,Sample-Integrated Vertical Profile,Water,,2018-09-26,11:39:00,CST,,,,,,SURFACE,0.1,ft,0.54,m,815,21AWIC,21AWIC-249,,,,,5,ADEM,ADEM SOPs-2000 Series-Surface Water,Water Sampler (Other),,Chloride,Total,3.86,mg/l,,Final,,Actual,,,,,,,,,,,,,300.0,USEPA,Determination of Inorganic Anions by Ion Chromatography,,ADEM - CENTRAL LAB,2018-10-04,,,,,,STORET
21AWIC,ALABAMA DEPT. OF ENVIRONMENTAL MANAGEMENT - WATER QUALITY DATA,21AWIC-273188_145210_173,Sample-Integrated Vertical Profile,Water,,2018-10-24,12:13:00,CST,,,,,,SURFACE,0.1,ft,1.02,m,815,21AWIC,21AWIC-249,,,,,5,ADEM,ADEM SOPs-2000 Series-Surface Water,Water Sampler (Other),,Chloride,Total,9.03,mg/l,,Final,,Actual,,,,,,,,,,,,,300.0,USEPA,Determination of Inorganic Anions by Ion Chromatography,,ADEM - CENTRAL LAB,2018-11-09,,,,,,STORET
21AWIC,ALABAMA DEPT. OF ENVIRONMENTAL MANAGEMENT - WATER QUALITY DATA,21AWIC-44709_26413_173,Sample-Routine,Water,,2010-05-06,11:17:00,CST,,,,,,SURFACE,,,,,295,21AWIC,21AWIC-4260,,,,,1,ADEM,ADEM SOPs-2000 Series-Surface Water,Water Bottle,,Chloride,Total,3.35,mg/l,,Final,,Actual,,,,,,,,,,,,,300.0,USEPA,Determination of Inorganic Anions by Ion Chromatography,,ADEM - CENTRAL LAB,2010-05-12,,,,,,STORET
21AWIC,ALABAMA DEPT. OF ENVIRONMENTAL MANAGEMENT - WATER QUALITY DATA,21AWIC-44709_26414_173,Sample-Routine,Water,,2010-05-06,11:17:00,CST,,,,,,SURFACE,,,,,295,21AWIC,21AWIC-4260,,,,,1,ADEM,ADEM SOPs-2000 Series-Surface Water,Water Bottle,Not Detected,Mercury,Dissolved,,,,Final,,Actual,,,,,,,,,,,,,245.1,USEPA,Mercury in Water by CVAA,https://www.nemi.gov/methods/method_summary/4821/,ADEM - CENTRAL LAB,2010-05-12,,Method Detection Level,0.08,ug/l,,STORET
21AWIC,ALABAMA DEPT. OF ENVIRONMENTAL MANAGEMENT - WATER QUALITY DATA,21AWIC-44709_26414_173,Sample-Routine,Water,,2010-05-06,11:17:00,CST,,,,,,SURFACE,,,,,295,21AWIC,21AWIC-4260,,,,,1,ADEM,ADEM SOPs-2000 Series-Surface Water,Water Bottle,Not Detected,Lead,Dissolved,,,,Final,,Actual,,,,,,,,,,,,,200.9,USEPA,Metals by Temperature Stabilized GFAA,https://www.nemi.gov/methods/method_summary/4797/,ADEM - CENTRAL LAB,2010-05-27,,Method Detection Level,1.69,ug/l,,STORET
21AWIC,ALABAMA DEPT. OF ENVIRONMENTAL MANAGEMENT - WATER QUALITY DATA,21AWIC-124167_53807_173,Sample-Routine,Water,,2010-07-13,10:23:00,CST,,,,,,SURFACE,,,,,295,21AWIC,21AWIC-4260,,,,,1,ADEM,ADEM SOPs-2000 Series-Surface Water,Water Bottle,,Chloride,Total,3.76,mg/l,,Final,,Actual,,,,,,,,,,,,,300.0,USEPA,Determination of Inorganic Anions by Ion Chromatography,,ADEM - CENTRAL LAB,2010-07-16,,,,,,STORET
21AWIC,ALABAMA DEPT. OF ENVIRONMENTAL MANAGEMENT - WATER QUALITY DATA,21AWIC-124167_53808_173,Sample-Routine,Water,,2010-07-13,10:23:00,CST,,,,,,SURFACE,,,,,295,21AWIC,21AWIC-4260,,,,,1,ADEM,ADEM SOPs-2000 Series-Surface Water,Water Bottle,Not Detected,Mercury,Dissolved,,,,Final,,Actual,,,,,,,,,,,,,245.1,USEPA,Mercury in Water by CVAA,https://www.nemi.gov/methods/method_summary/4821/,ADEM - CENTRAL LAB,2010-08-03,,Method Detection Level,0.08,ug/l,,STORET
21AWIC,ALABAMA DEPT. OF ENVIRONMENTAL MANAGEMENT - WATER QUALITY DATA,21AWIC-124167_53808_173,Sample-Routine,Water,,2010-07-13,10:23:00,CST,,,,,,SURFACE,,,,,295,21AWIC,21AWIC-4260,,,,,1,ADEM,ADEM SOPs-2000 Series-Surface Water,Water Bottle,Not Detected,Lead,Dissolved,,,,Final,,Actual,,,,,,,,,,,,,200.9,USEPA,Metals by Temperature Stabilized GFAA,https://www.nemi.gov/methods/method_summary/4797/,ADEM - CENTRAL LAB,2010-07-22,,Method Detection Level,1.69,ug/l,,STORET
21AWIC,ALABAMA DEPT. OF ENVIRONMENTAL MANAGEMENT - WATER QUALITY DATA,21AWIC-126401_54747_173,Sample-Routine,Water,,2010-09-14,09:35:00,CST,,,,,,SURFACE,,,,,295,21AWIC,21AWIC-4260,,,,,1,ADEM,ADEM SOPs-2000 Series-Surface Water,Water Bottle,,Chloride,Total,4.51,mg/l,,Final,,Actual,,,,,,,,,,,,,300.0,USEPA,Determination of Inorganic Anions by Ion Chromatography,,ADEM - CENTRAL LAB,2010-09-16,,,,,,STORET
21AWIC,ALABAMA DEPT. OF ENVIRONMENTAL MANAGEMENT - WATER QUALITY DATA,21AWIC-126401_54748_173,Sample-Routine,Water,,2010-09-14,09:35:00,CST,,,,,,SURFACE,,,,,295,21AWIC,21AWIC-4260,,,,,1,ADEM,ADEM SOPs-2000 Series-Surface Water,Water Bottle,Not Detected,Mercury,Dissolved,,,,Final,,Actual,,,,,,,,,,,,,245.1,USEPA,Mercury in Water by CVAA,https://www.nemi.gov/methods/method_summary/4821/,ADEM - CENTRAL LAB,2010-09-16,,Method Detection Level,0.08,ug/l,,STORET
21AWIC,ALABAMA DEPT. OF ENVIRONMENTAL MANAGEMENT - WATER QUALITY DATA,21AWIC-126401_54748_173,Sample-Routine,Water,,2010-09-14,09:35:00,CST,,,,,,SURFACE,,,,,295,21AWIC,21AWIC-4260,,,,,1,ADEM,ADEM SOPs-2000 Series-Surface Water,Water Bottle,Not Detected,Lead,Dissolved,,,,Final,,Actual,,,,,,,,,,,,,200.9,USEPA,Metals by Temperature Stabilized GFAA,https://www.nemi.gov/methods/method_summary/4797/,ADEM - CENTRAL LAB,2010-09-15,,Method Detection Level,1.69,ug/l,,STORET
21AWIC,ALABAMA DEPT. OF ENVIRONMENTAL MANAGEMENT - WATER QUALITY DATA,21AWIC-132991_58487_173,Sample-Routine,Water,,2010-11-02,09:34:00,CST,,,,,,SURFACE,,,,,295,21AWIC,21AWIC-4260,,,,,1,ADEM,ADEM SOPs-2000 Series-Surface Water,Water Bottle,,Chloride,Total,4.97,mg/l,,Final,,Actual,,,,,,,,,,,,,300.0,USEPA,Determination of Inorganic Anions by Ion Chromatography,,ADEM - CENTRAL LAB,2010-11-04,,,,,,STORET
21AWIC,ALABAMA DEPT. OF ENVIRONMENTAL MANAGEMENT - WATER QUALITY DATA,21AWIC-132991_58488_173,Sample-Routine,Water,,2010-11-02,09:34:00,CST,,,,,,SURFACE,,,,,295,21AWIC,21AWIC-4260,,,,,1,ADEM,ADEM SOPs-2000 Series-Surface Water,Water Bottle,Not Detected,Mercury,Dissolved,,,,Final,,Actual,,,,,,,,,,,,,245.1,USEPA,Mercury in Water by CVAA,https://www.nemi.gov/methods/method_summary/4821/,ADEM - CENTRAL LAB,2010-11-09,,Method Detection Level,0.08,ug/l,,STORET
21AWIC,ALABAMA DEPT. OF ENVIRONMENTAL MANAGEMENT - WATER QUALITY DATA,21AWIC-132991_58488_173,Sample-Routine,Water,,2010-11-02,09:34:00,CST,,,,,,SURFACE,,,,,295,21AWIC,21AWIC-4260,,,,,1,ADEM,ADEM SOPs-2000 Series-Surface Water,Water Bottle,Not Detected,Lead,Dissolved,,,,Final,,Actual,,,,,,,,,,,,,200.9,USEPA,Metals by Temperature Stabilized GFAA,https://www.nemi.gov/methods/method_summary/4797/,ADEM - CENTRAL LAB,2010-11-04,,Method Detection Level,1.69,ug/l,,STORET
21AWIC,ALABAMA DEPT. OF ENVIRONMENTAL MANAGEMENT - WATER QUALITY DATA,21AWIC-42644_26310_173,Sample-Routine,Water,,2010-04-07,12:16:00,CST,,,,,,SURFACE,,,,,300,21AWIC,21AWIC-4353,,,,,1,ADEM,ADEM SOPs-2000 Series-Surface Water,Water Bottle,Not Detected,Mercury,Dissolved,,,,Final,,Actual,,,,,,,,,,,,,245.1,USEPA,Mercury in Water by CVAA,https://www.nemi.gov/methods/method_summary/4821/,ADEM - CENTRAL LAB,2010-04-15,,Method Detection Level,0.08,ug/l,,STORET
21AWIC,ALABAMA DEPT. OF ENVIRONMENTAL MANAGEMENT - WATER QUALITY DATA,21AWIC-42644_26310_173,Sample-Routine,Water,,2010-04-07,12:16:00,CST,,,,,,SURFACE,,,,,300,21AWIC,21AWIC-4353,,,,,1,ADEM,ADEM SOPs-2000 Series-Surface Water,Water Bottle,Not Detected,Lead,Dissolved,,,,Final,,Actual,,,,,,,,,,,,,200.9,USEPA,Metals by Temperature Stabilized GFAA,https://www.nemi.gov/methods/method_summary/4797/,ADEM - CENTRAL LAB,2010-04-21,,Method Detection Level,1.05,ug/l,,STORET
21AWIC,ALABAMA DEPT. OF ENVIRONMENTAL MANAGEMENT - WATER QUALITY DATA,21AWIC-42644_26311_173,Sample-Routine,Water,,2010-04-07,12:16:00,CST,,,,,,SURFACE,,,,,300,21AWIC,21AWIC-4353,,,,,1,ADEM,ADEM SOPs-2000 Series-Surface Water,Water Bottle,,Chloride,Total,18.6,mg/l,,Final,,Actual,,,,,,,,,,,,,300.0,USEPA,Determination of Inorganic Anions by Ion Chromatography,,ADEM - CENTRAL LAB,2010-04-12,,,,,,STORET
21AWIC,ALABAMA DEPT. OF ENVIRONMENTAL MANAGEMENT - WATER QUALITY DATA,21AWIC-44893_27028_173,Sample-Routine,Water,,2010-05-06,11:39:00,CST,,,,,,SURFACE,,,,,300,21AWIC,21AWIC-592,,,,,1,ADEM,ADEM SOPs-2000 Series-Surface Water,Water Bottle,,Chloride,Total,6.19,mg/l,,Final,,Actual,,,,,,,,,,,,,300.0,USEPA,Determination of Inorganic Anions by Ion Chromatography,,ADEM - CENTRAL LAB,2010-05-11,,,,,,STORET
21AWIC,ALABAMA DEPT. OF ENVIRONMENTAL MANAGEMENT - WATER QUALITY DATA,21AWIC-44893_27047_173,Sample-Routine,Water,,2010-05-06,11:39:00,CST,,,,,,SURFACE,,,,,300,21AWIC,21AWIC-592,,,,,1,ADEM,ADEM SOPs-2000 Series-Surface Water,Water Bottle,Not Detected,Mercury,Dissolved,,,,Final,,Actual,,,,,,,,,,,,,245.1,USEPA,Mercury in Water by CVAA,https://www.nemi.gov/methods/method_summary/4821/,ADEM - CENTRAL LAB,2010-05-12,,Method Detection Level,0.08,ug/l,,STORET
21AWIC,ALABAMA DEPT. OF ENVIRONMENTAL MANAGEMENT - WATER QUALITY DATA,21AWIC-44893_27047_173,Sample-Routine,Water,,2010-05-06,11:39:00,CST,,,,,,SURFACE,,,,,300,21AWIC,21AWIC-592,,,,,1,ADEM,ADEM SOPs-2000 Series-Surface Water,Water Bottle,Not Detected,Lead,Dissolved,,,,Final,,Actual,,,,,,,,,,,,,200.9,USEPA,Metals by Temperature Stabilized GFAA,https://www.nemi.gov/methods/method_summary/4797/,ADEM - CENTRAL LAB,2010-05-27,,Method Detection Level,1.69,ug/l,,STORET
21AWIC,ALABAMA DEPT. OF ENVIRONMENTAL MANAGEMENT - WATER QUALITY DATA,21AWIC-122979_55167_173,Sample-Routine,Water,,2010-07-14,10:51:00,CST,,,,,,SURFACE,,,,,300,21AWIC,21AWIC-592,,,,,1,ADEM,ADEM SOPs-2000 Series-Surface Water,Water Bottle,,Chloride,Total,6.9,mg/l,,Final,,Actual,,,,,,,,,,,,,300.0,USEPA,Determination of Inorganic Anions by Ion Chromatography,,ADEM - CENTRAL LAB,2010-07-16,,,,,,STORET
21AWIC,ALABAMA DEPT. OF ENVIRONMENTAL MANAGEMENT - WATER QUALITY DATA,21AWIC-122979_55168_173,Sample-Routine,Water,,2010-07-14,10:51:00,CST,,,,,,SURFACE,,,,,300,21AWIC,21AWIC-592,,,,,1,ADEM,ADEM SOPs-2000 Series-Surface Water,Water Bottle,Not Detected,Mercury,Dissolved,,,,Final,,Actual,,,,,,,,,,,,,245.1,USEPA,Mercury in Water by CVAA,https://www.nemi.gov/methods/method_summary/4821/,ADEM - CENTRAL LAB,2010-08-03,,Method Detection Level,0.08,ug/l,,STORET
21AWIC,ALABAMA DEPT. OF ENVIRONMENTAL MANAGEMENT - WATER QUALITY DATA,21AWIC-122979_55168_173,Sample-Routine,Water,,2010-07-14,10:51:00,CST,,,,,,SURFACE,,,,,300,21AWIC,21AWIC-592,,,,,1,ADEM,ADEM SOPs-2000 Series-Surface Water,Water Bottle,Not Detected,Lead,Dissolved,,,,Final,,Actual,,,,,,,,,,,,,200.9,USEPA,Metals by Temperature Stabilized GFAA,https://www.nemi.gov/methods/method_summary/4797/,ADEM - CENTRAL LAB,2010-07-22,,Method Detection Level,1.69,ug/l,,STORET
21AWIC,ALABAMA DEPT. OF ENVIRONMENTAL MANAGEMENT - WATER QUALITY DATA,21AWIC-125872_55187_173,Sample-Routine,Water,,2010-09-15,09:02:00,CST,,,,,,SURFACE,,,,,300,21AWIC,21AWIC-592,,,,,1,ADEM,ADEM SOPs-2000 Series-Surface Water,Water Bottle,Not Detected,Mercury,Dissolved,,,,Final,,Actual,,,,,,,,,,,,,245.1,USEPA,Mercury in Water by CVAA,https://www.nemi.gov/methods/method_summary/4821/,ADEM - CENTRAL LAB,2010-09-16,,Method Detection Level,0.08,ug/l,,STORET
21AWIC,ALABAMA DEPT. OF ENVIRONMENTAL MANAGEMENT - WATER QUALITY DATA,21AWIC-125872_55187_173,Sample-Routine,Water,,2010-09-15,09:02:00,CST,,,,,,SURFACE,,,,,300,21AWIC,21AWIC-592,,,,,1,ADEM,ADEM SOPs-2000 Series-Surface Water,Water Bottle,Not Detected,Lead,Dissolved,,,,Final,,Actual,,,,,,,,,,,,,200.9,USEPA,Metals by Temperature Stabilized GFAA,https://www.nemi.gov/methods/method_summary/4797/,ADEM - CENTRAL LAB,2010-09-20,,Method Detection Level,1.69,ug/l,,STORET
21AWIC,ALABAMA DEPT. OF ENVIRONMENTAL MANAGEMENT - WATER QUALITY DATA,21AWIC-125872_55267_173,Sample-Routine,Water,,2010-09-15,09:02:00,CST,,,,,,SURFACE,,,,,300,21AWIC,21AWIC-592,,,,,1,ADEM,ADEM SOPs-2000 Series-Surface Water,Water Bottle,,Chloride,Total,7.48,mg/l,,Final,,Actual,,,,,,,,,,,,,300.0,USEPA,Determination of Inorganic Anions by Ion Chromatography,,ADEM - CENTRAL LAB,2010-09-17,,,,,,STORET
21AWIC,ALABAMA DEPT. OF ENVIRONMENTAL MANAGEMENT - WATER QUALITY DATA,21AWIC-131825_57450_173,Sample-Routine,Water,,2010-11-04,09:04:00,CST,,,,,,SURFACE,,,,,300,21AWIC,21AWIC-592,,,,,1,ADEM,ADEM SOPs-2000 Series-Surface Water,Water Bottle,,Chloride,Total,6.96,mg/l,,Final,,Actual,,,,,,,,,,,,,300.0,USEPA,Determination of Inorganic Anions by Ion Chromatography,,ADEM - CENTRAL LAB,2010-11-05,,,,,,STORET
21AWIC,ALABAMA DEPT. OF ENVIRONMENTAL MANAGEMENT - WATER QUALITY DATA,21AWIC-131825_58212_173,Sample-Routine,Water,,2010-11-04,09:04:00,CST,,,,,,SURFACE,,,,,300,21AWIC,21AWIC-592,,,,,1,ADEM,ADEM SOPs-2000 Series-Surface Water,Water Bottle,Not Detected,Mercury,Dissolved,,,,Final,,Actual,,,,,,,,,,,,,245.1,USEPA,Mercury in Water by CVAA,https://www.nemi.gov/methods/method_summary/4821/,ADEM - CENTRAL LAB,2010-11-09,,Method Detection Level,0.08,ug/l,,STORET
21AWIC,ALABAMA DEPT. OF ENVIRONMENTAL MANAGEMENT - WATER QUALITY DATA,21AWIC-131825_58212_173,Sample-Routine,Water,,2010-11-04,09:04:00,CST,,,,,,SURFACE,,,,,300,21AWIC,21AWIC-592,,,,,1,ADEM,ADEM SOPs-2000 Series-Surface Water,Water Bottle,Not Detected,Lead,Dissolved,,,,Final,,Actual,,,,,,,,,,,,,200.9,USEPA,Metals by Temperature Stabilized GFAA,https://www.nemi.gov/methods/method_summary/4797/,ADEM - CENTRAL LAB,2010-11-09,,Method Detection Level,1.69,ug/l,,STORET
21AWIC,ALABAMA DEPT. OF ENVIRONMENTAL MANAGEMENT - WATER QUALITY DATA,21AWIC-42652_26314_173,Sample-Routine,Water,,2010-04-07,10:44:00,CST,,,,,,SURFACE,,,,,300,21AWIC,21AWIC-806,,,,,1,ADEM,ADEM SOPs-2000 Series-Surface Water,Water Bottle,Not Detected,Mercury,Dissolved,,,,Final,,Actual,,,,,,,,,,,,,245.1,USEPA,Mercury in Water by CVAA,https://www.nemi.gov/methods/method_summary/4821/,ADEM - CENTRAL LAB,2010-04-15,,Method Detection Level,0.08,ug/l,,STORET
21AWIC,ALABAMA DEPT. OF ENVIRONMENTAL MANAGEMENT - WATER QUALITY DATA,21AWIC-42652_26314_173,Sample-Routine,Water,,2010-04-07,10:44:00,CST,,,,,,SURFACE,,,,,300,21AWIC,21AWIC-806,,,,,1,ADEM,ADEM SOPs-2000 Series-Surface Water,Water Bottle,Not Detected,Lead,Dissolved,,,,Final,,Actual,,,,,,,,,,,,,200.9,USEPA,Metals by Temperature Stabilized GFAA,https://www.nemi.gov/methods/method_summary/4797/,ADEM - CENTRAL LAB,2010-04-21,,Method Detection Level,1.05,ug/l,,STORET
21AWIC,ALABAMA DEPT. OF ENVIRONMENTAL MANAGEMENT - WATER QUALITY DATA,21AWIC-42652_26315_173,Sample-Routine,Water,,2010-04-07,10:44:00,CST,,,,,,SURFACE,,,,,300,21AWIC,21AWIC-806,,,,,1,ADEM,ADEM SOPs-2000 Series-Surface Water,Water Bottle,,Chloride,Total,4.65,mg/l,,Final,,Actual,,,,,,,,,,,,,300.0,USEPA,Determination of Inorganic Anions by Ion Chromatography,,ADEM - CENTRAL LAB,2010-04-12,,,,,,STORET
21AWIC,ALABAMA DEPT. OF ENVIRONMENTAL MANAGEMENT - WATER QUALITY DATA,21AWIC-45653_52191_173,Sample-Routine,Water,,2010-06-02,11:59:00,CST,,,,,,SURFACE,,,,,300,21AWIC,21AWIC-806,,,,,1,ADEM,ADEM SOPs-2000 Series-Surface Water,Water Bottle,,Chloride,Total,4.18,mg/l,,Final,,Actual,,,,,,,,,,,,,300.0,USEPA,Determination of Inorganic Anions by Ion Chromatography,,ADEM - CENTRAL LAB,2010-06-03,,,,,,STORET
21AWIC,ALABAMA DEPT. OF ENVIRONMENTAL MANAGEMENT - WATER QUALITY DATA,21AWIC-45653_52708_173,Sample-Routine,Water,,2010-06-02,11:59:00,CST,,,,,,SURFACE,,,,,300,21AWIC,21AWIC-806,,,,,1,ADEM,ADEM SOPs-2000 Series-Surface Water,Water Bottle,Not Detected,Mercury,Dissolved,,,,Final,,Actual,,,,,,,,,,,,,245.1,USEPA,Mercury in Water by CVAA,https://www.nemi.gov/methods/method_summary/4821/,ADEM - CENTRAL LAB,2010-06-23,,Method Detection Level,0.08,ug/l,,STORET
21AWIC,ALABAMA DEPT. OF ENVIRONMENTAL MANAGEMENT - WATER QUALITY DATA,21AWIC-45653_52708_173,Sample-Routine,Water,,2010-06-02,11:59:00,CST,,,,,,SURFACE,,,,,300,21AWIC,21AWIC-806,,,,,1,ADEM,ADEM SOPs-2000 Series-Surface Water,Water Bottle,Not Detected,Lead,Dissolved,,,,Final,,Actual,,,,,,,,,,,,,200.9,USEPA,Metals by Temperature Stabilized GFAA,https://www.nemi.gov/methods/method_summary/4797/,ADEM - CENTRAL LAB,2010-07-15,,Method Detection Level,1.69,ug/l,,STORET
21AWIC,ALABAMA DEPT. OF ENVIRONMENTAL MANAGEMENT - WATER QUALITY DATA,21AWIC-123618_54467_173,Sample-Routine,Water,,2010-08-11,11:39:00,CST,,,,,,SURFACE,,,,,300,21AWIC,21AWIC-806,,,,,1,ADEM,ADEM SOPs-2000 Series-Surface Water,Water Bottle,,Chloride,Total,3.7,mg/l,,Final,,Actual,,,,,,,,,,,,,300.0,USEPA,Determination of Inorganic Anions by Ion Chromatography,,ADEM - CENTRAL LAB,2010-08-12,,,,,,STORET
21AWIC,ALABAMA DEPT. OF ENVIRONMENTAL MANAGEMENT - WATER QUALITY DATA,21AWIC-123618_54468_173,Sample-Routine,Water,,2010-08-11,11:39:00,CST,,,,,,SURFACE,,,,,300,21AWIC,21AWIC-806,,,,,1,ADEM,ADEM SOPs-2000 Series-Surface Water,Water Bottle,Not Detected,Mercury,Dissolved,,,,Final,,Actual,,,,,,,,,,,,,245.1,USEPA,Mercury in Water by CVAA,https://www.nemi.gov/methods/method_summary/4821/,ADEM - CENTRAL LAB,2010-08-19,,Method Detection Level,0.08,ug/l,,STORET
21AWIC,ALABAMA DEPT. OF ENVIRONMENTAL MANAGEMENT - WATER QUALITY DATA,21AWIC-123618_54468_173,Sample-Routine,Water,,2010-08-11,11:39:00,CST,,,,,,SURFACE,,,,,300,21AWIC,21AWIC-806,,,,,1,ADEM,ADEM SOPs-2000 Series-Surface Water,Water Bottle,Not Detected,Lead,Dissolved,,,,Final,,Actual,,,,,,,,,,,,,200.9,USEPA,Metals by Temperature Stabilized GFAA,https://www.nemi.gov/methods/method_summary/4797/,ADEM - CENTRAL LAB,2010-08-12,,Method Detection Level,1.69,ug/l,,STORET
21AWIC,ALABAMA DEPT. OF ENVIRONMENTAL MANAGEMENT - WATER QUALITY DATA,21AWIC-262878_141615_173,Sample-Integrated Vertical Profile,Water,,2018-04-25,13:39:00,CST,,,,,,SURFACE,0.1,ft,1.70,m,815,21AWIC,21AWIC-9802,,,,,5,ADEM,ADEM SOPs-2000 Series-Surface Water,Water Sampler (Other),,Chloride,Total,4.32,mg/l,,Final,,Actual,,,,,,,,,,,,,300.0,USEPA,Determination of Inorganic Anions by Ion Chromatography,,ADEM - CENTRAL LAB,2018-04-28,,,,,,STORET
21AWIC,ALABAMA DEPT. OF ENVIRONMENTAL MANAGEMENT - WATER QUALITY DATA,21AWIC-264761_142376_173,Sample-Integrated Vertical Profile,Water,,2018-05-30,13:40:00,CST,,,,,,SURFACE,0.1,ft,1.30,m,815,21AWIC,21AWIC-9802,,,,,5,ADEM,ADEM SOPs-2000 Series-Surface Water,Water Sampler (Other),,Chloride,Total,5.47,mg/l,,Final,,Actual,,,,,,,,,,,,,300.0,USEPA,Determination of Inorganic Anions by Ion Chromatography,,ADEM - CENTRAL LAB,2018-06-01,,,,,,STORET
21AWIC,ALABAMA DEPT. OF ENVIRONMENTAL MANAGEMENT - WATER QUALITY DATA,21AWIC-265860_142596_173,Sample-Integrated Vertical Profile,Water,,2018-06-27,13:46:00,CDT,,,,,,SURFACE,0.1,ft,2.40,m,815,21AWIC,21AWIC-9802,,,,,5,ADEM,ADEM SOPs-2000 Series-Surface Water,Water Sampler (Other),,Chloride,Total,5.19,mg/l,,Final,,Actual,,,,,,,,,,,,,300.0,USEPA,Determination of Inorganic Anions by Ion Chromatography,,ADEM - CENTRAL LAB,2018-06-30,,,,,,STORET
21AWIC,ALABAMA DEPT. OF ENVIRONMENTAL MANAGEMENT - WATER QUALITY DATA,21AWIC-267170_143418_173,Sample-Integrated Vertical Profile,Water,,2018-07-25,13:15:00,CDT,,,,,,SURFACE,0.1,ft,2.19,m,815,21AWIC,21AWIC-9802,,,,,5,ADEM,ADEM SOPs-2000 Series-Surface Water,Water Sampler (Other),,Chloride,Total,6.65,mg/l,,Final,,Actual,,,,,,,,,,,,,300.0,USEPA,Determination of Inorganic Anions by Ion Chromatography,,ADEM - CENTRAL LAB,2018-07-27,,,,,,STORET
21AWIC,ALABAMA DEPT. OF ENVIRONMENTAL MANAGEMENT - WATER QUALITY DATA,21AWIC-269701_143767_173,Sample-Integrated Vertical Profile,Water,,2018-08-28,12:19:00,CST,,,,,,SURFACE,0.1,ft,2.04,m,815,21AWIC,21AWIC-9802,,,,,5,ADEM,ADEM SOPs-2000 Series-Surface Water,Water Sampler (Other),,Chloride,Total,7,mg/l,,Final,,Actual,,,,,,,,,,,,,300.0,USEPA,Determination of Inorganic Anions by Ion Chromatography,,ADEM - CENTRAL LAB,2018-08-30,,,,,,STORET
21AWIC,ALABAMA DEPT. OF ENVIRONMENTAL MANAGEMENT - WATER QUALITY DATA,21AWIC-272238_144709_173,Sample-Integrated Vertical Profile,Water,,2018-09-26,12:26:00,CST,,,,,,SURFACE,0.1,ft,2.37,m,815,21AWIC,21AWIC-9802,,,,,5,ADEM,ADEM SOPs-2000 Series-Surface Water,Water Sampler (Other),,Chloride,Total,8.89,mg/l,,Final,,Actual,,,,,,,,,,,,,300.0,USEPA,Determination of Inorganic Anions by Ion Chromatography,,ADEM - CENTRAL LAB,2018-10-04,,,,,,STORET
21AWIC,ALABAMA DEPT. OF ENVIRONMENTAL MANAGEMENT - WATER QUALITY DATA,21AWIC-273196_145211_173,Sample-Integrated Vertical Profile,Water,,2018-10-24,12:57:00,CST,,,,,,SURFACE,0.1,ft,2.55,m,815,21AWIC,21AWIC-9802,,,,,5,ADEM,ADEM SOPs-2000 Series-Surface Water,Water Sampler (Other),,Chloride,Total,8.78,mg/l,,Final,,Actual,,,,,,,,,,,,,300.0,USEPA,Determination of Inorganic Anions by Ion Chromatography,,ADEM - CENTRAL LAB,2018-11-09,,,,,,STORET
21AWIC,ALABAMA DEPT. OF ENVIRONMENTAL MANAGEMENT - WATER QUALITY DATA,21AWIC-262866_141616_173,Sample-Integrated Vertical Profile,Water,,2018-04-25,12:51:00,CST,,,,,,SURFACE,0.1,ft,1.50,m,815,21AWIC,21AWIC-9803,,,,,5,ADEM,ADEM SOPs-2000 Series-Surface Water,Water Sampler (Other),,Chloride,Total,4.26,mg/l,,Final,,Actual,,,,,,,,,,,,,300.0,USEPA,Determination of Inorganic Anions by Ion Chromatography,,ADEM - CENTRAL LAB,2018-04-28,,,,,,STORET
21AWIC,ALABAMA DEPT. OF ENVIRONMENTAL MANAGEMENT - WATER QUALITY DATA,21AWIC-264759_142377_173,Sample-Integrated Vertical Profile,Water,,2018-05-30,13:19:00,CST,,,,,,SURFACE,0.1,ft,1.24,m,815,21AWIC,21AWIC-9803,,,,,5,ADEM,ADEM SOPs-2000 Series-Surface Water,Water Sampler (Other),,Chloride,Total,5.55,mg/l,,Final,,Actual,,,,,,,,,,,,,300.0,USEPA,Determination of Inorganic Anions by Ion Chromatography,,ADEM - CENTRAL LAB,2018-06-01,,,,,,STORET
21AWIC,ALABAMA DEPT. OF ENVIRONMENTAL MANAGEMENT - WATER QUALITY DATA,21AWIC-265857_142598_173,Sample-Integrated Vertical Profile,Water,,2018-06-27,13:14:00,CDT,,,,,,SURFACE,0.1,ft,2.44,m,815,21AWIC,21AWIC-9803,,,,,5,ADEM,ADEM SOPs-2000 Series-Surface Water,Water Sampler (Other),,Chloride,Total,5.23,mg/l,,Final,,Actual,,,,,,,,,,,,,300.0,USEPA,Determination of Inorganic Anions by Ion Chromatography,,ADEM - CENTRAL LAB,2018-07-01,,,,,,STORET
21AWIC,ALABAMA DEPT. OF ENVIRONMENTAL MANAGEMENT - WATER QUALITY DATA,21AWIC-267165_143417_173,Sample-Integrated Vertical Profile,Water,,2018-07-25,12:54:00,CDT,,,,,,SURFACE,0.1,ft,2.04,m,815,21AWIC,21AWIC-9803,,,,,5,ADEM,ADEM SOPs-2000 Series-Surface Water,Water Sampler (Other),,Chloride,Total,6.6,mg/l,,Final,,Actual,,,,,,,,,,,,,300.0,USEPA,Determination of Inorganic Anions by Ion Chromatography,,ADEM - CENTRAL LAB,2018-07-27,,,,,,STORET
21AWIC,ALABAMA DEPT. OF ENVIRONMENTAL MANAGEMENT - WATER QUALITY DATA,21AWIC-269698_143769_173,Sample-Integrated Vertical Profile,Water,,2018-08-28,11:37:00,CDT,,,,,,SURFACE,0.1,ft,3.69,m,815,21AWIC,21AWIC-9803,,,,,5,ADEM,ADEM SOPs-2000 Series-Surface Water,Water Sampler (Other),,Chloride,Total,7.11,mg/l,,Final,,Actual,,,,,,,,,,,,,300.0,USEPA,Determination of Inorganic Anions by Ion Chromatography,,ADEM - CENTRAL LAB,2018-08-30,,,,,,STORET
21AWIC,ALABAMA DEPT. OF ENVIRONMENTAL MANAGEMENT - WATER QUALITY DATA,21AWIC-272243_144711_173,Sample-Integrated Vertical Profile,Water,,2018-09-26,12:05:00,CST,,,,,,SURFACE,0.1,ft,2.17,m,815,21AWIC,21AWIC-9803,,,,,5,ADEM,ADEM SOPs-2000 Series-Surface Water,Water Sampler (Other),,Chloride,Total,8.9,mg/l,,Final,,Actual,,,,,,,,,,,,,300.0,USEPA,Determination of Inorganic Anions by Ion Chromatography,,ADEM - CENTRAL LAB,2018-10-04,,,,,,STORET
21AWIC,ALABAMA DEPT. OF ENVIRONMENTAL MANAGEMENT - WATER QUALITY DATA,21AWIC-273192_145207_173,Sample-Integrated Vertical Profile,Water,,2018-10-24,12:34:00,CST,,,,,,SURFACE,0.1,ft,2.74,m,815,21AWIC,21AWIC-9803,,,,,5,ADEM,ADEM SOPs-2000 Series-Surface Water,Water Sampler (Other),,Chloride,Total,8.86,mg/l,,Final,,Actual,,,,,,,,,,,,,300.0,USEPA,Determination of Inorganic Anions by Ion Chromatography,,ADEM - CENTRAL LAB,2018-11-09,,,,,,STORET